evaluation,stage,round,region_id,score,tip_mm,wrist_mm,combined_mm,p64_mm,stutter_penalty_mm
21151,feasibility_cma,-1,0,1160.5153186806706,1172.709705695364,712.7677820250814,970.3829050753782,1172.7097056953642,0.4380264623538088
21163,initial_pool_backtrack,-1,0,1157.7754113074018,1169.9229040751923,709.6344401169126,967.5486137863501,1169.9229040751925,0.4549013189729365
21178,initial_pool_backtrack,-1,0,1109.4566745517952,1121.127694995722,695.4805719640175,932.9042111776047,1121.127694995723,0.4057522944347915
21218,initial_pool_backtrack,-1,0,1105.2598048291516,1116.9934944565305,691.8665459380435,929.0731359926543,1116.9934944565312,0.29854955732106164
22156,initial_pool_backtrack,-1,0,1102.1834746186673,1113.7999485543926,699.8293174716728,930.1374626883478,1113.7999485543949,0.3813644146514824
22745,initial_pool_backtrack,-1,0,1101.0841912042217,1112.7436140205623,708.9793755791699,932.9657296868337,1112.7436140205675,0.3270367123719508
22757,initial_pool_backtrack,-1,0,1081.4889654591072,1092.9520291258818,691.7325321666149,914.614135586155,1092.9520291258852,0.3102011705839374
24355,initial_pool_backtrack,-1,0,1049.9772011404084,1061.0576945012472,675.8849082341147,889.5683897933143,1061.0576945012522,0.3492061247545702
27175,initial_pool_backtrack,-1,0,1016.7811729344157,1027.3847082395928,644.261634618513,857.4941377542682,1027.3847082395946,0.46343921668945376
32942,cmaes,0,0,1016.7811729344155,1027.3847082395926,644.2616346185129,857.494137754268,1027.3847082395944,0.463439216689452
32946,cmaes_backtrack,0,0,980.7556070870587,990.9787987466793,644.4614289247277,835.8736486267267,990.9787987466963,0.45161888551183466
32972,cmaes_backtrack,0,0,963.4586026627034,973.55148133099,637.5641452837983,822.8883661084367,973.5514813310161,0.39420504357059566
33013,cmaes_backtrack,0,0,919.8187152258436,929.2684472274362,621.152679571735,790.3703240733538,929.2684472275287,0.5603354511046712
33238,cmaes_backtrack,0,0,907.8461094743526,917.0090141253002,605.2465894531124,776.9263047521557,917.0090141253406,0.7151043501755854
33503,cmaes,0,0,858.3022134471912,867.1800260293317,556.2162764416646,728.4839544296301,867.1800260293378,0.463439216689452
33629,cmaes_backtrack,0,0,707.9162653344031,714.9129283977499,398.17770344624324,578.6389110282727,714.9129283977499,0.7043695688102496
33649,cmaes_backtrack,0,0,566.503441490909,572.2922547947363,356.5379009891306,476.779665956812,572.292254794737,0.37591131401096206
35788,cmaes,0,0,355.3038325691954,346.02041463447745,357.81856377129606,351.9689275512604,358.4375801330916,0.7273373200807951
39543,split_probe,0,0,354.0307643991333,342.2713564233532,356.779506255049,349.6006990206675,357.1577427004148,0.720320190756885
39545,split_probe,0,0,353.4665821087624,346.7997997690645,355.5898402003995,351.22231960227765,356.6112673736985,0.6967266020929943
39557,split_probe,0,0,352.6636654499285,351.21938869968193,352.5499378123543,351.885292140829,355.7563906652532,0.7394779310803022
39584,split_probe,0,0,352.4721428866259,346.82246875062873,354.33336001107494,350.59802826529057,355.5878059218867,0.7147241185129912
39731,split_probe,0,0,352.2138989217115,321.4942745346561,355.4916483194919,338.91951890048625,355.50056723349365,0.5427791079913572
39748,split_probe,0,0,352.03582872773603,347.98574376689186,353.3926440302879,350.69961414272666,355.1464844696976,0.7149775029519729
39840,split_probe,0,0,351.02670945600266,346.9408679304046,352.377617984116,349.66980960361883,354.113882202841,0.7273373200807974
39842,split_probe,0,0,347.5105973428151,348.5107223386861,344.251038155834,346.38742821904077,350.55948213906305,0.7273373200807974
40309,cmaes_backtrack,1,2,343.8817208800509,339.4026157251837,345.6580710867033,342.544623128489,347.12256432165356,0.498356241343583
40361,cmaes_backtrack,1,2,341.56972218550294,302.68405448340826,344.7984122436669,324.4253241689592,344.79970194272363,0.48419808282748505
40669,cmaes_backtrack,1,2,336.3590388144058,331.4000958040025,338.32671320486907,334.88131357759556,339.5762868798915,0.4406632164232484
40693,cmaes_backtrack,1,2,335.4772471057357,315.69182140683796,338.27611877419,327.1788949765073,338.33921809564674,0.7826146033759648
41361,cmaes_backtrack,1,2,332.06324218372316,328.494400085333,333.2967956190727,330.90431007873315,335.03494776086205,0.6372864596982173
41672,cmaes_backtrack,1,2,312.0357820627281,274.31882094157555,314.9422431434532,295.32984275129235,314.9429569820653,0.48538645792391716
42600,cmaes_backtrack,1,2,310.01568682962727,303.3504996743759,312.1216073868143,307.76730126056447,312.85191143065293,0.5338120611448746
45785,cmaes,1,2,301.9529196962313,303.6334553343012,296.78476702608873,300.2286404866938,304.6257340227899,0.6086100611103885
48143,cmaes,1,2,296.59439442826084,297.47483265888786,293.97576215011196,295.73047255666137,299.2675963975148,0.5505046306107626
56126,split_probe,1,2,294.9803014579536,293.71391834503504,295.0551433999985,294.3852947043955,297.63864375221885,0.5478172491966644
56134,split_probe,1,2,294.36236020719514,293.976594838151,293.6383554387921,293.807523812302,297.0099279272561,0.551819304829686
56147,split_probe,1,2,293.5393514285867,289.9114822898247,294.81808194561734,292.37507503682326,296.1748981586241,0.5548453652029253
56183,split_probe,1,2,292.42346719154784,288.3226464114793,293.8401759025132,291.0944841526019,295.03747461172986,0.5641323636182609
56214,split_probe,1,2,291.92773185438756,286.33819195156735,293.71021707151544,290.04762693589595,294.53484115890274,0.5656161183630196
56295,split_probe,1,2,291.74418060714845,285.2770406199253,293.7490617014368,289.5440390988364,294.4058916090681,0.5096253781091361
56313,split_probe,1,2,290.1118384911909,278.23968048911286,292.6299500268919,285.5254869984682,292.8078661145548,0.45809484712225373
57198,cmaes_backtrack,2,3,289.3826956487704,281.0203850640843,291.6544806936867,286.38679520036385,292.0592435037668,0.4695104626036577
57248,cmaes_backtrack,2,3,289.3575202290018,290.3368350841267,286.8209551397074,288.5842494956381,292.0540778390963,0.44944506303387277
57276,cmaes_backtrack,2,3,285.71332351540065,286.0849752518274,284.21189447359814,285.1499728433359,288.35073873909084,0.46869512951465964
57639,cmaes_backtrack,2,3,284.655873531803,278.2141582034897,286.6657182398762,282.47154886719164,287.28189123471975,0.4685790390733771
58342,cmaes_backtrack,2,3,283.9191907733047,274.32127924581954,286.25988156931516,280.3541368012439,286.54360303179544,0.4622316527184313
58954,cmaes,2,3,281.7909724224717,273.3811885831323,284.026735297705,278.7547852817945,284.39611763734905,0.4583660119967899
60523,cmaes_backtrack,2,3,279.05836836660944,274.0838708113096,280.79757914124025,277.46103212027066,281.64426381353775,0.44797284686362615
63000,cmaes_backtrack,2,3,277.7929080284158,266.94970784312864,280.1758701737375,273.64270933567985,280.36981002965973,0.4432378932032438
65975,cmaes,2,6,270.53708356026476,256.3264890461322,272.89552522444467,264.74066241724415,272.9722573634014,0.5052797515926594
65987,cmaes,2,6,266.43273853131615,268.71570432154556,253.81032158578478,261.36928768746316,268.82321894737765,0.5052797515926594
68084,cmaes,2,6,266.3088182812155,265.16875365310017,266.011548080763,265.59048517055595,268.5034922834703,0.6976420739943165
69389,cmaes,2,6,263.4669615642082,265.3663951774829,249.48234476633095,257.5468540281539,265.4454617680644,0.8808748080285276
70043,cmaes,2,6,262.7078796024943,255.61548392878834,264.3651136754223,260.0271033496005,264.8189054073633,0.7415999501650128
74056,cmaes,2,4,252.95883765590293,255.2343054271696,233.9268983228384,244.812524624286,255.24933631473155,0.45904382420014744
78156,cmaes,2,4,248.95529267623897,247.578963806162,249.24433884585872,248.41304692592348,251.20488926044197,0.45637916851934013
87741,split_probe,2,4,248.94036669585614,249.19897337636453,247.6163671302755,248.40893059895149,251.19237355415913,0.45383407539640086
87747,split_probe,2,4,248.8226995683005,247.01073599289737,249.3730823020089,248.19471979935162,251.0708627148932,0.45636887394935616
87749,split_probe,2,4,248.6672823700094,245.6196071199483,249.76229771534008,247.69961320297205,250.91541834710026,0.45472159877220303
87785,split_probe,2,4,248.10507160063065,244.7865104686511,249.28384465586157,247.04541173013794,250.34341955225207,0.45834806077049933
87787,split_probe,2,4,247.5349038694557,241.02150549773225,249.343449881624,245.21778291068463,249.7640338616598,0.4613248851731488
87818,split_probe,2,4,247.50611194590985,241.67667453471148,249.2629406705137,245.49911263166402,249.7680765546024,0.42853381651973876
87854,split_probe,2,4,247.44084439165388,239.76356299512528,249.3402077330119,244.59875851326285,249.64581216514443,0.4842136213316559
87890,split_probe,2,4,246.9657112261819,241.6876205953015,248.6916596600917,245.21464835273326,249.27134549696942,0.37951337402579005
88020,split_probe,2,4,245.43687401029447,243.6295876613209,245.98107331540456,244.8081538811807,247.64815752719431,0.4563791685193769
88022,split_probe,2,4,242.11065181186768,239.59429246345545,242.98685232627756,241.29653477049357,244.2857151437773,0.4563791685193769
89724,cmaes_backtrack,3,7,241.68613731578174,242.3488152713169,239.605246245184,240.9809352330866,243.84448961776923,0.46833732289689495
90099,cmaes,3,7,237.84976586540606,236.27687708236928,238.24656711287335,237.26376607571785,239.9740154624861,0.4607473312705597
90937,cmaes,3,7,229.68689189821265,229.5395235378099,228.93179031598962,229.23585832418215,231.74468053591727,0.4385620033946142
93295,cmaes,3,7,227.55421725890554,222.22552159422798,229.07822002224992,225.67788254101134,229.55765240721786,0.4693568546401911
94836,cmaes,3,7,222.6475837783445,220.90706689478827,223.04378757965773,221.97799821371706,224.55381205230665,0.5126624267078324
103616,cmaes,3,9,216.67752389638292,218.0671145528304,211.55292853017252,214.83471323216082,218.52468379535725,0.5067851116599524
105803,cmaes,3,9,207.06678262661663,208.67330032676736,198.2409957431303,203.52400185542373,208.79349530060426,0.5224081025742399
105834,cmaes,3,9,205.3171017722679,205.89563034064832,203.1167360969504,204.51090322529396,207.02476167093332,0.5224081025742399
141220,split_probe,3,9,204.33869053773543,202.83198605257977,204.56271891661967,203.69919064222353,206.03113357554759,0.5269216146939062
141238,split_probe,3,9,203.8098471546029,204.66668132033706,200.83106322160063,202.75794238130223,205.50238212361452,0.5211339798305152
141249,split_probe,3,9,203.79489164698265,204.99416821671085,199.34057214060638,202.18713201413863,205.48937957635403,0.5190409562032635
141339,split_probe,3,9,202.48362346768195,199.6992104431895,203.31699866053168,201.51622341136695,204.1934855248466,0.4897074747851407
141489,split_probe,3,9,202.36494318970853,193.6415019751218,203.9315069069202,198.85307490268832,204.04541264108244,0.517505041425675
144384,cmaes_backtrack,4,15,201.8030856295377,203.22068716779503,195.67771338632897,199.4848555768747,203.49118303409696,0.5039069342263266
144541,cmaes_backtrack,4,15,200.33365649377112,194.6895586590323,201.51954834095082,198.1339857449872,201.84859058719525,0.6593762611958047
144869,cmaes,4,15,197.2259292028296,185.43569414983918,198.66044190763662,192.16186906325896,198.69798995367273,0.6683113753214778
144901,cmaes,4,15,176.69768907085574,177.79893974729404,169.89290692272417,173.89086059640297,177.94621194276374,0.6683113753214778
145597,cmaes,4,15,165.28642754364458,166.45760742096604,140.9638037036844,154.2383367112783,166.45766973302798,0.6218376327423716
164097,cmaes,4,18,158.91591646914375,160.11645874476255,145.87647788390862,153.16205006589874,160.12289836743105,0.5178598502690437
225439,split_probe,4,18,153.7053224147348,154.68093188523395,149.0168300364069,151.8752881857081,154.89347117968111,0.4803616629405762
225456,split_probe,4,18,151.85465707723614,153.0213918185605,143.62836817894924,148.39921579954054,153.0625188665859,0.440925644377973
225544,split_probe,4,18,150.08273785001452,150.89651050715437,146.37043147764106,148.65069810496448,151.210753044117,0.500825042617778
225708,split_probe,4,18,149.4183285588527,150.16190144781137,146.38551589366406,148.2857307866748,150.58225348190714,0.45814512467409035
225990,split_probe,4,15,147.33789709859164,147.82279188872155,145.11961077218402,146.477437225749,148.44233461162182,0.4945813568617028
229845,cmaes_backtrack,5,34,144.95993906787453,145.97755295174272,137.00790529383036,141.56378788161547,146.01662361717047,0.5162045937684621
230034,cmaes_backtrack,5,34,142.42168256688365,138.77342096540835,143.307522251187,141.05869044517763,143.57699520839097,0.3912968565261099
235736,cmaes_backtrack,5,34,138.6305270013882,135.96488364654147,139.3513968735921,137.66855377252813,139.7618319096549,0.37420770104992557
238326,cmaes,5,32,138.30299505897307,139.33056917610983,116.38851576514396,128.37307760771316,139.33059091024177,0.47327143569203833
248489,cmaes_backtrack,5,31,138.10167739822424,130.94519375084866,139.18331728573796,135.12705054338622,139.2266972466553,0.37472829735629337
249427,cmaes_backtrack,5,31,129.51171737828793,127.11859208225219,130.12632630894905,128.63125058017027,130.5377350623592,0.38013307570880556
254436,cmaes,5,31,120.53761151933598,120.44912942796964,119.84437496116364,120.14713269526611,121.47919394758756,0.36698984615833236
314288,sqp_sensitivity_probe,5,31,120.4832482587523,119.98646690790734,120.23887763360018,120.11273857428742,121.42483297452448,0.36640198295312254
314289,sqp_sensitivity_probe,5,31,120.36532417074295,120.0060575827146,119.9910346976545,119.9985463752781,121.30525960702731,0.3667632197039174
314295,sqp_sensitivity_probe,5,31,120.17926365609881,119.97112576777953,119.63886443349296,119.80511028525468,121.11691208601262,0.3670213490631534
314356,sqp_sensitivity_probe,5,31,119.9369798444251,119.67637501439312,119.45712887198084,119.56680219635109,120.87194711245341,0.36706375148552317
314451,slsqp,5,31,112.23016568996161,112.0873546887729,111.63464215411474,111.86122744276507,113.0936300445709,0.3547787360762266
314453,slsqp,5,31,112.19389590337609,111.97505610858501,111.69193199881293,111.8335836503244,113.05698083603829,0.3547633732325768
314457,slsqp,5,31,112.06428153206586,111.75556525578013,111.6622826427426,111.70893368622463,112.92597441200586,0.3547442264835913
314508,slsqp,5,31,111.9899645960072,108.37218765725872,112.70990344063188,110.56232041526775,112.84736049015798,0.3581943841438827
314509,slsqp,5,31,111.58513356009567,109.22818840024487,112.1411715479965,110.6942624921377,112.43980336757681,0.3565302708663655
314513,slsqp,5,31,111.57846401410424,109.10829335158083,112.1539977698412,110.64162619433104,112.43200983415642,0.3575703064561593
314518,slsqp,5,31,111.33690950843858,109.49422822386136,111.77482185612912,110.64040133538118,112.18933094216231,0.3560805589619527
314566,slsqp,5,31,109.55181348937668,109.64878913214284,108.58857824580527,109.11997132420467,110.3876353075781,0.35327233288005233
314570,slsqp,5,31,109.53957664669568,109.62258452161213,108.59883246041875,109.11190917806383,110.37420061617846,0.35432546328019854
314572,slsqp,5,31,109.49921444844466,109.54501790597813,108.62658602327498,109.08676853563183,110.3345010899135,0.3532351485210029
314578,slsqp,5,31,109.49254349379972,109.65054803493113,108.41128883219353,109.03267911644203,110.32794966939792,0.3530450425762857
314586,slsqp,5,31,109.4699764012917,109.404772413885,108.7707184009449,109.08820607286479,110.30480483760812,0.3533734660354235
314595,slsqp,5,31,109.45284328100513,109.538770507987,108.50961504300362,109.02540713334274,110.28758738429701,0.35327233288005233
314623,slsqp,5,31,108.08391750231473,108.3169112416861,106.81182421092839,107.56700017246361,108.89804117563163,0.3589245894289373
314624,slsqp,5,31,108.08110107843383,108.30676486368435,106.82656907258392,107.56921300971052,108.8951953639679,0.35892332216604356
314629,slsqp,5,31,108.02225331440108,108.21207539648944,106.84999217656515,107.53319043380874,108.83574405128108,0.35888646206425767
314639,slsqp,5,31,108.00572047590481,108.15631746496076,106.91756321769404,107.53872402997669,108.81907453937745,0.3588435717093131
314642,slsqp,5,31,107.95355396296821,108.04713657219996,106.97643990599025,107.51312109787246,108.76601200894606,0.35916800032640667
314643,slsqp,5,31,107.95286155438671,108.04100879885092,106.98654093332354,107.51506760252514,108.76554630374609,0.3589362803746158
314680,slsqp,5,31,107.31509206489996,107.37974907995209,106.39116764038418,106.88660127527164,108.12112266081982,0.3586487108350341
314682,slsqp,5,31,107.27772906464637,107.44424493823148,106.15435473572234,106.80124718303679,108.0833415561986,0.358659837642182
314692,slsqp,5,31,107.26361223311092,107.39252978791339,106.2187124565769,106.80723367399051,108.06932251943219,0.3584110299940567
314696,slsqp,5,31,107.25903586320679,107.22606130056293,106.49723987789967,106.86227192897171,108.06456075098666,0.35854513482861294
314709,slsqp,5,31,107.25669073488943,107.33095254563685,106.31531624223052,106.82434142563021,108.062085382021,0.3586487108350341
314737,slsqp,5,31,105.91064099758513,105.67538665276449,105.39692944366604,105.53624988686208,106.69121342356165,0.3687039173408312
314738,slsqp,5,31,105.90332719822136,105.26611478566555,105.76603584246031,105.51637138353819,106.6838543440243,0.36866992560672984
314743,slsqp,5,31,105.82111791905864,105.46428378017937,105.44054405473877,105.45241458550277,106.60075796213127,0.3686619152076817
314749,slsqp,5,31,105.8008188427371,105.61855064858443,105.22294080796685,105.42093130252759,106.58049281577551,0.3684096893527135
314793,slsqp,5,31,100.59047126669428,100.40009507130708,100.04199757023086,100.221206259378,101.32254588863705,0.35937050552242633
314797,slsqp,5,31,100.55992686773803,100.34135184168703,100.04344791493244,100.1925105986596,101.29046439685229,0.36056201694472584
314799,slsqp,5,31,100.52022232903994,100.21962120699362,100.09989950048988,100.15977824177092,101.25156757726917,0.35933530180241086
314805,slsqp,5,31,100.49082375727977,100.34840795213199,99.88137504623872,100.11516383559213,101.22235172271388,0.358837871797743
314849,slsqp,5,31,98.7611222245699,99.42015697388612,94.87351549436087,97.17343143825602,99.49596910884605,0.33692238221695525
314852,slsqp,5,31,98.70788502106996,99.34775188307316,95.12708676194963,97.26031677934266,99.44137439136232,0.3376918026243548
314853,slsqp,5,31,98.64281251549878,99.29355995890583,94.87006112710661,97.10700167231447,99.37535820264313,0.33792436025848316
314865,slsqp,5,31,98.6091442792707,99.25364446875275,94.9671588857934,97.13404966120042,99.34300029870884,0.3362654690504503
314906,slsqp,5,31,98.16613200154075,98.79483829073526,94.65391877191036,96.74653588571513,98.89144143857906,0.3399478653667969
314909,slsqp,5,31,98.12165301052916,98.72681872660493,94.90743471543644,96.83595897222462,98.84568344176424,0.3407339666320752
314910,slsqp,5,31,98.03676741679726,98.6545219365529,94.65033581870358,96.67316269038466,98.75962531014454,0.3409794874615221
314963,slsqp,5,31,97.77457823694168,98.03255148639315,96.39391186389688,97.21668425573114,98.48187388567604,0.35354979739471815
314964,slsqp,5,31,97.5251428083497,97.95862186122751,95.5189566309569,96.74647971067884,98.23688933421819,0.34645994990460277
314966,slsqp,5,31,97.03533274575126,97.42032020689017,95.23882362411744,96.33574703742833,97.74177888619663,0.3464270121141149
315021,slsqp,5,31,96.7580517972745,93.31519245611683,97.328685894243,95.34306015914932,97.42812331499032,0.37942294116897657
315023,slsqp,5,31,96.5103802513521,93.39674584352915,97.05311725633673,95.24247923939461,97.17778946892896,0.37938864842107395
315030,slsqp,5,31,96.49418196515393,93.63849806612863,97.01420209863174,95.34129149774125,97.16383242940793,0.3769970566983582
315077,slsqp,5,31,95.30058748872278,95.55272395905769,93.7597466241329,94.66048051594045,95.94236109753344,0.3917162390708361
315078,slsqp,5,31,95.3005874887226,95.55272395905746,93.75974662413283,94.66048051594028,95.94236109753324,0.39171623907082476
315079,slsqp,5,31,95.25810540327637,95.47452190343394,93.82917044216862,94.6554212883626,95.89945396595405,0.3916790901485434
315081,slsqp,5,31,95.1869409096174,95.39678510197294,93.77033564748533,94.58705634291105,95.82583164337312,0.393343860383031
315083,slsqp,5,31,95.11976704135182,95.29326620718267,93.811382906121,94.5552276375871,95.75960941748345,0.3916788730635645
315091,slsqp,5,31,95.1091671472045,95.2365922806187,93.91935444929531,94.58026657130222,95.74934973053423,0.3912281486529973
315134,slsqp,5,31,94.42486868717111,94.57808953835004,93.20220705671959,93.89266856620857,95.06753744555449,0.38139750066138084
315136,slsqp,5,31,94.38367771234006,94.49026946544085,93.27225452964184,93.88323729157916,95.02593315553445,0.38136265498720706
315140,slsqp,5,31,94.24354195637326,94.29169997465071,93.25615670425876,93.77535776353724,94.88427527172415,0.38135884597534264
315154,slsqp,5,31,94.23107448495423,94.2137610749134,93.36437563960268,93.79002989245102,94.87076931611885,0.3822518441860061
315191,slsqp,5,31,92.86314394802284,92.95051861414944,91.77446020115443,92.36436124353544,93.48432741553108,0.3858284739819323
315192,slsqp,5,31,92.86314394802254,92.95051861414898,91.77446020115455,92.36436124353526,93.4843274155308,0.3858284739819305
315196,slsqp,5,31,92.85521732690766,92.93587196710831,91.78138290290849,92.36043131627594,93.47631447917115,0.3858284739819323
315197,slsqp,5,31,92.82300224144291,92.86492631997656,91.83086072732016,92.34934088106733,93.44378104269337,0.3857963752464745
315203,slsqp,5,31,92.79342228521286,92.92055182555798,91.61329885837608,92.26924048479087,93.41433739158882,0.38534290349974454
315207,slsqp,5,31,92.7929473172615,92.80258406705985,91.86611624533346,92.3355373719264,93.41413396833079,0.38506916753379017
315210,slsqp,5,31,92.79073986126295,92.75813154886136,91.93582227405352,92.347892194793,93.41009467185955,0.3868574967581623
315211,slsqp,5,31,92.78777411818926,92.75239432623388,91.93791584300682,92.34605303640484,93.40717764401745,0.38677735934114815
315240,slsqp,5,31,92.76136908795569,92.78943594121006,91.79663670623229,92.29437126083019,93.3814442998998,0.3858284739819323
315247,slsqp,5,31,91.50562924465117,91.56159774992996,90.20934841166772,90.88798799450242,92.02965380514497,0.46731765605822767
315248,slsqp,5,31,91.50562924465109,91.56159774992977,90.20934841166795,90.88798799450245,92.02965380514489,0.46731765605821385
315251,slsqp,5,31,91.3704829336867,91.37618521152464,90.19240043593676,90.78622230329671,91.89236951911428,0.46797680660663843
315303,slsqp,5,31,90.82214125377178,88.785652649889,91.20320192931253,90.00254484909217,91.43838216902587,0.3687321310348744
315305,slsqp,5,31,90.53445448234548,88.69612232893803,90.87461349221414,89.79197484616667,91.14759584685511,0.3686993353535559
315359,slsqp,5,31,87.87534170038342,87.37029611128042,87.64910740243134,87.5098127955253,88.46967942999686,0.35865648993968624
315361,slsqp,5,31,87.71544671672962,87.3195311563214,87.39314675285577,87.3563467091143,88.30808091348106,0.35861928571392887
315388,slsqp,5,31,87.62711900991535,86.98230911781262,87.5054983451001,87.24429591695672,88.21875377164777,0.35865648993968624
315416,slsqp,5,31,86.43546910164272,86.21022592694437,85.93203199080163,86.07124135401715,87.01552748561183,0.35727173002516055
315420,slsqp,5,31,86.33623389562261,86.04332603062602,85.90924822613951,85.97631326473898,86.91417134871038,0.35830085393710037
315472,slsqp,5,31,84.98759488674973,84.74853287174278,84.45913790461495,84.60395912575142,85.53297555468848,0.375979416216379
315476,slsqp,5,31,84.97624846131704,84.7350028355921,84.44780128976595,84.59152394957664,85.52028943582947,0.3771824549377322
315478,slsqp,5,31,84.9730219512377,84.65585400030514,84.53558389464513,84.59574032103971,85.51826666192169,0.37595692947232734
315482,slsqp,5,31,84.93797268440322,84.65053980659624,84.46989319150794,84.5602647386256,85.48408670227475,0.3747194362104406
315484,slsqp,5,31,84.903862938358,84.71224029003335,84.31524957737138,84.51397803396421,85.44882941020653,0.3754871911484715
315528,slsqp,5,31,84.75701171306874,85.11406832318839,82.66030851924897,83.8961597184931,85.30452516051824,0.37138577207378937
315529,slsqp,5,31,84.21493280016064,84.22316003562268,83.31264964119333,83.76914192177911,84.7573361658465,0.3706015412064311
315534,slsqp,5,31,84.2138921356874,84.21798894827192,83.31976052990416,83.77007865954235,84.75628416928012,0.3706015412064311
315535,slsqp,5,31,84.1509384395651,84.08397159116288,83.38623131324628,83.73582820743371,84.69266732371965,0.3705794108235873
315541,slsqp,5,31,84.13554329333684,84.17553003813185,83.1691098948441,83.67383311974268,84.67754809173292,0.37014063241458084
315542,slsqp,5,31,84.08179628286976,84.0041954563012,83.33463830252241,83.67008663576455,84.62271689594486,0.3706341768179654
315572,slsqp,5,31,84.06177979576064,83.94176235833372,83.38206090306093,83.66237968246162,84.60251543457191,0.3706015412064311
315585,slsqp,5,31,83.13296421443437,83.3635345638698,81.54772949085151,82.46063024284561,83.6487040163944,0.38532293404560664
315587,slsqp,5,31,83.09645525709495,83.29630199601328,81.627142141723,82.46594527572002,83.61182583006236,0.3852949117016319
315588,slsqp,5,31,83.08199447790021,83.22611140183402,81.79112598046743,82.51173828075368,83.59634803928617,0.38614519672507325
315591,slsqp,5,31,82.95842965253073,83.11803007456396,81.62249854968081,82.37365838958704,83.47229544431684,0.38529667340864154
315598,slsqp,5,31,82.89482527446899,83.05084261509722,81.56924541521624,82.31337757826921,83.40793442636587,0.3853600172616945
315628,slsqp,5,31,82.81620126431562,82.92880764189294,81.6166037079352,82.2753217487608,83.32849174390125,0.38532293404560664
315642,slsqp,5,31,82.56365908600833,82.46090471894948,81.83413854024928,82.1481193871545,83.07974912880493,0.3788439186666963
315644,slsqp,5,31,82.56039924090099,82.40137283449734,81.917091648519,82.1595890604429,83.07647965224515,0.37881833136078097
315648,slsqp,5,31,82.46090834747855,82.22569000621833,81.92068807289134,82.0733307211748,82.97590960466138,0.37881414629646254
315660,slsqp,5,31,82.45072305174938,82.22338345528416,81.90040622224595,82.06205373436495,82.96558330176342,0.3788439186666963
315661,slsqp,5,31,82.42958207353372,82.11130634785985,81.98533706448379,82.04834588134335,82.943308358184,0.3797379386320967
315685,slsqp,5,31,82.42575473398364,82.16945967311318,81.91162030618125,82.04064128270628,82.94034309684329,0.3788439186666963
315698,slsqp,5,31,81.95588042442371,82.09386237380107,80.67839194229117,81.38920433891262,82.45906029493592,0.3850680390220128
315700,slsqp,5,31,81.9290256887818,82.02804308289818,80.76145157379014,81.39721098512975,82.4319429382703,0.38503855223753514
315701,slsqp,5,31,81.90919472761364,81.93031393878094,80.92588448731732,81.42964792433352,82.41098512963491,0.38593964246663537
315704,slsqp,5,31,81.79287038287121,81.83634744419159,80.76201689529813,81.30095674714678,82.29429880481659,0.38504467899113726
315716,slsqp,5,31,81.7923060067618,81.84313784855107,80.74430116718426,81.29557609081162,82.29370466864935,0.3850680390220128
315717,slsqp,5,31,81.74805292277956,81.7338335967851,80.83769520191638,81.28699932948962,82.24799010910846,0.3860370779484617
315741,slsqp,5,31,81.72988863049845,81.74911060246406,80.7528328590033,81.2524987278792,82.23060761172127,0.3850680390220128
315755,slsqp,5,31,81.49212105497654,81.53353350708565,80.45961397845744,80.99835358732128,81.9887006519081,0.38660160473390043
315759,slsqp,5,31,81.46175522342399,81.49355846981227,80.44655993123476,80.97175148421348,81.95662256299869,0.38796831734027326
315761,slsqp,5,31,81.43515633764896,81.41105597529092,80.54196630252203,80.97767708105903,81.93113815897499,0.38657931792500716
315769,slsqp,5,31,81.41327288661897,81.32578636046308,80.63729040423856,80.98227006846989,81.90940870514767,0.3861912513324289
315811,slsqp,5,31,80.45416722539332,80.33113370231376,79.71531012149697,80.02381429819953,80.93197230939863,0.39399305389707817
315815,slsqp,5,31,80.4475869490193,80.31382521482738,79.72231409636595,80.01861622621784,80.9239010533162,0.39539709014145297
315817,slsqp,5,31,80.44720657904334,80.26394973609386,79.80047569242332,80.03254821625777,80.9249530026769,0.3939761023894367
315823,slsqp,5,31,80.4137329986291,80.34496701818478,79.58278065678738,79.96478194248868,80.89158918293528,0.3935069470907745
315831,slsqp,5,31,80.41115906098736,80.15025463124996,79.86635029695715,80.00842839104664,80.88753851404371,0.3949400445887308
315856,slsqp,5,31,80.40750255814716,80.32261078579046,79.60407706738152,79.96415099654094,80.88479949724231,0.39399305389707817
315863,slsqp,5,31,80.40452470291247,80.26032614085791,79.69925461711277,79.98028237872211,80.88178921529015,0.39399305389707817
315867,slsqp,5,31,79.4617691939702,79.38718934750435,78.61803087012116,79.00354615582718,79.92157301883492,0.4011103052108969
315871,slsqp,5,31,79.44320061447787,79.36153751703948,78.60817176138542,78.98575284421848,79.90128699543999,0.4026092283371376
315879,slsqp,5,31,79.41638281925698,79.38633163467041,78.48743826279689,78.93816445632058,79.8762105338014,0.4005977714409268
315923,slsqp,5,31,79.11743028266122,78.88584563296456,78.37084503248798,78.62876697600618,79.51121197570284,0.4627120332916839
315924,slsqp,5,31,79.11743028266118,78.88584563296459,78.37084503248792,78.62876697600618,79.51121197570282,0.4627120332916567
315929,slsqp,5,31,79.0494313859115,78.71199412322557,78.44753745945246,78.57987704338463,79.44251500226798,0.4626701070853378
315935,slsqp,5,31,79.04365171361586,78.85156498780356,78.23691489168047,78.54484118258138,79.4374311005662,0.46191957276945034
315936,slsqp,5,31,78.98435033944459,78.63291585093658,78.39928807573872,78.51618885937837,79.37661204975304,0.46278210739841097
315966,slsqp,5,31,78.96196334149248,78.54981870635498,78.44654458498854,78.49819862941388,79.35405211054012,0.4627120332916839
315979,slsqp,5,31,78.32890028986577,78.30009373419675,77.33465253580482,77.81887033881198,78.75771537443333,0.4195619863184762
315983,slsqp,5,31,78.3072190942264,78.26433896787081,77.33735937327162,77.80222975245744,78.73393457263641,0.42140542599279596
315985,slsqp,5,31,78.27481184229151,78.18177931237435,77.41021744560307,77.79695489357007,78.70307026244706,0.419530014305146
315992,slsqp,5,31,78.15010728982978,78.01275212233399,77.36387450421614,77.68899076447329,78.57692791055067,0.41960900998950046
316022,slsqp,5,31,78.14303977684825,77.9730446402049,77.41026648802756,77.69216513977078,78.56983097312384,0.4195619863184762
316049,slsqp,5,31,78.11307171998682,77.90093345232324,77.4901339977558,77.69580522696654,78.55879231927513,0.4005136750721506
316079,slsqp,5,31,78.11271432426882,77.86775094116277,77.5342470175396,77.70117791002849,78.55846742176365,0.40047767707391074
316158,slsqp,5,31,78.11204932703437,77.8102821839592,77.57830642257541,77.69438088093104,78.54583518861588,0.4123088387384263
316159,slsqp,5,31,78.06939975274221,77.79576799854426,77.50610606210287,77.65107209624753,78.50508193025104,0.4099735292497212
316163,slsqp,5,31,78.03630842417358,77.72765329036848,77.51251048786679,77.62015642911122,78.47005016182342,0.411536607361397
316171,slsqp,5,31,78.01647817051335,77.80157650887224,77.37590938623532,77.58903485871184,78.45212571122245,0.40943772235677506
316172,slsqp,5,31,77.99990851415865,77.6412160063441,77.53634536651535,77.58879840460004,78.43479516492272,0.4100119278857071
316280,slsqp,5,31,77.63017994299645,77.10468765094546,77.2813478283206,77.19306827660024,78.03681024129259,0.433981192007291
316284,slsqp,5,31,77.57987992598314,76.96890755497161,77.29700797260897,77.1331322186625,77.98395709240671,0.4359649904574094
316309,slsqp,5,31,77.49438162098727,76.96603280309027,77.14800607301183,77.0570731551875,77.89953317250972,0.433981192007291
316367,slsqp,5,31,77.46339240432292,77.01987728300774,77.06332265804004,77.04160303299366,77.8807230165168,0.4215995085836969
316394,slsqp,5,31,77.27571088754677,76.72428065408181,77.05344416315066,76.88903855326222,77.73731056176905,0.3757856094849171
316398,slsqp,5,31,77.26568081404257,76.72931549492004,77.02992736514678,76.87976836007886,77.72611890144802,0.3768266398844539
316406,slsqp,5,31,77.22023211244705,76.74512903219409,76.93698772025037,76.84111825589889,77.68161212403878,0.37540528927912936
316451,slsqp,5,31,77.20748552084933,76.5699503999923,77.06590207376709,76.8183264810577,77.67973079686348,0.36451975922521046
316455,slsqp,5,31,77.18706872651879,76.55010178251224,77.0433670935922,76.79713046732601,77.6580434605321,0.36555668552522624
316463,slsqp,5,31,77.14324218967849,76.58147986775538,76.94909471178985,76.76550734444288,77.61516682351673,0.3641449191320705
316508,slsqp,5,31,77.07146727315447,76.812413115541,76.57579550829038,76.69419556381057,77.5350504867703,0.3716233272320952
316514,slsqp,5,31,77.04411235568796,76.67129613419895,76.67372752888764,76.67251184118116,77.50742135897714,0.3715999169586997
316520,slsqp,5,31,77.0130198454828,76.8037658568246,76.45495331125625,76.62955805567559,77.47639440188901,0.3712001418692919
316565,slsqp,5,31,76.93882234537908,76.8211836726151,76.20686953191334,76.51464312376987,77.386052609296,0.38637127376073266
316571,slsqp,5,31,76.88083002908671,76.66221031985071,76.29980616164238,76.48122289630713,77.32745075247703,0.3863495558588688
316578,slsqp,5,31,76.866129021571,76.68281571548316,76.23569115395466,76.45958027538443,77.31253595782039,0.3864026810285492
316608,slsqp,5,31,76.84168077320335,76.59904455262523,76.29223291243488,76.44579265446947,77.28785323475334,0.38637127376073266
316673,slsqp,5,31,76.84137465248354,76.59935971618316,76.29106528091025,76.4453679127301,77.28751687716688,0.38639788738790537
316692,slsqp,5,31,76.84022911783013,76.3085350742629,76.58283880594547,76.44580997267751,77.28594433717689,0.38680795334445245
316700,slsqp,5,31,76.81713058709333,76.39152574491445,76.4711862137212,76.43136635756797,77.26429970594337,0.3851208981591064
316750,slsqp,5,31,76.75582972494988,76.44170248533585,76.2902683019808,76.36602293050495,77.19994543684015,0.38748108178117807
316803,slsqp,5,31,76.7314927832288,76.51301130233635,76.14664173773855,76.33004633329838,77.17494863489776,0.3878716767817754
316807,slsqp,5,31,76.67751797209924,76.4204980771115,76.1400950327442,76.28042539848975,77.11912136546964,0.3891227644706416
316865,slsqp,5,31,76.67127131697099,76.4219796256851,76.12305085822835,76.27266168776677,77.11237088987193,0.3895538689060358
316913,slsqp,5,31,76.66700990219987,76.43812451078247,76.09507789836292,76.2667940819719,77.10933181379764,0.38829879332182404
316972,slsqp,5,31,76.66263058379367,76.43473030414478,76.08952867124947,76.26232480747043,77.1049658827919,0.388238376170158
316991,slsqp,5,31,76.65919075303397,76.45910239080138,76.04743986374045,76.25354892802129,77.10122026852774,0.38850381196719125
317031,slsqp,5,31,76.65425776914755,76.37144689940293,76.1488939809611,76.26025162570595,77.09575219992536,0.38897999472031164
317156,slsqp,5,31,76.65096938308224,76.3868660606774,76.12301295623391,76.25505362960158,77.09255460361828,0.3888547604968877
317291,slsqp,5,31,76.59364526216336,76.36492842019402,76.03309328321568,76.19919148795324,77.04023095506349,0.38329065848090116
317293,slsqp,5,31,76.57270449416916,76.46290747905891,75.83550678180863,76.14985327958573,77.01910415964498,0.3832491083437106
317303,slsqp,5,31,76.55152610631335,76.38178467481882,75.90981465257788,76.14616533581686,76.9981114323357,0.38283731441557206
317343,slsqp,5,31,76.5463443268743,76.29877338498416,76.01014676303419,76.15459681132573,76.99241494635956,0.38329065848090116
317351,slsqp,5,31,76.51144509027897,76.39360534746586,75.78592324506762,76.09037094170209,76.95655245321933,0.3838676047228418
317361,slsqp,5,31,76.50530402489267,76.25180474528122,75.97619437460285,76.11412430869821,76.95075386214315,0.38346266806616214
317426,slsqp,5,31,76.50528008472217,76.25174221875072,75.97623322560095,76.11411237919589,76.95073607893748,0.3834563195408673
317485,slsqp,5,31,76.4967938424,76.25467609072702,75.95405082170254,76.1045118962321,76.9425143392821,0.3831032524030006
317608,slsqp,5,31,76.47530505271091,76.20060202396829,75.9637295923553,76.08225799224046,76.91650750878804,0.3873411479730138
317667,slsqp,5,31,76.46881652719335,76.20779502800737,75.9382629723826,76.07314837146389,76.90899616197979,0.38828305713501016
317725,slsqp,5,31,76.45826922771519,76.22194653149704,75.89624068285585,76.05926795217128,76.89839189172046,0.3882257988568388
317834,slsqp,5,31,76.34377549783301,76.34917870235827,75.34784404448958,75.85016377924758,76.77671851101314,0.39409478563035544
317835,slsqp,5,31,76.30748455378424,75.88272714812311,75.94325383688349,75.91299652486991,76.7400128971483,0.3941140630581675
317840,slsqp,5,31,76.24625435383237,76.16001840808826,75.4374867239292,75.79961347903873,76.67815223842635,0.3940781596286934
317852,slsqp,5,31,76.23541640930395,76.15251758359844,75.42047214593647,75.78737874156965,76.66717946937278,0.39409478563035544
317853,slsqp,5,31,76.19656933556564,76.04716874899466,75.49226419819601,75.77022445693392,76.62685663081764,0.3951361933623222
317956,slsqp,5,31,76.12266724779076,75.7949342661686,75.67048924213107,75.73273731536544,76.55901406490905,0.38834587227115935
317961,slsqp,5,31,76.1209680499889,76.11593978261081,75.16647155007,75.64269539842402,76.55733324922198,0.38830938443196567
317973,slsqp,5,31,76.1155066223835,76.11551505038751,75.1497607119957,75.63417933201887,76.55179790863322,0.3883236707995446
317974,slsqp,5,31,76.07758881175091,76.02709261395127,75.21450258619723,75.62188906202817,76.51244795399738,0.38933193761064355
318033,slsqp,5,31,76.07395730343124,75.99839483439274,75.25874241126678,75.62947284865093,76.50878776567149,0.38932119011650523
318352,slsqp,5,31,76.05443163567598,75.90173036778101,75.37007167184711,75.6363681592483,76.48902679390706,0.389343629198548
318583,slsqp,5,31,76.0477103667031,75.9677943816578,75.24532802721492,75.60742414980493,76.48399158849283,0.38760332647360196
318593,slsqp,5,31,76.02282882122809,75.80960034517967,75.43204525207206,75.62105842755216,76.45922296872806,0.38722359351804675
318610,slsqp,5,31,76.01095531384087,75.80890207711084,75.40367523111239,75.60656014029487,76.4467936422748,0.38764552404353714
318626,slsqp,5,31,75.9907251822439,75.75455220351576,75.4296861512083,75.59229369593497,76.42634321898802,0.38764552404353714
318643,slsqp,5,31,75.98669682255735,75.69645638805343,75.48939143310952,75.59299480986881,76.4205864552686,0.3893119162935457
318651,slsqp,5,31,75.95986662504373,75.8026665209405,75.28640978345601,75.5449791507264,76.39503051758842,0.3877623682366072
318691,slsqp,5,31,75.94977303291154,75.7117217460555,75.38992957315955,75.55099698481182,76.38439790345204,0.3881868558615978
318710,slsqp,5,31,75.94859384452825,75.73422422542825,75.35847503098702,75.54658323850039,76.38381128844965,0.387587963471644
318750,slsqp,5,31,75.94443798440778,75.64411309877424,75.4618117976958,75.55301743243287,76.37917854913594,0.3880149388581226
319080,slsqp,5,31,75.93414828213201,75.65008455842509,75.436251029276,75.54324345382852,76.37059092192055,0.3862203579906808
319084,slsqp,5,31,75.92391251739498,75.55275131731925,75.52002194241302,75.53638840254156,76.35903684225575,0.38741421252474884
319086,slsqp,5,31,75.91229879718591,75.53113513892082,75.52103955456839,75.5260875154294,76.34852325906091,0.3862008233310657
319092,slsqp,5,31,75.87976383183515,75.65372305946087,75.30963378877921,75.48187449367443,76.31606324158119,0.38577621657998656
319288,split_probe,5,31,75.70537937564849,75.92146346267963,74.07127079258386,75.00207254184143,76.14416987184667,0.38143349701705187
319373,split_probe,5,31,75.65178639247742,75.55309760878549,74.88731437799717,75.22094260587157,76.08560329067296,0.3857762165800104
319378,split_probe,5,31,75.5119821435016,75.15479452442628,75.09691507200971,75.12586037224922,75.94427667323879,0.3857762165800104
319392,split_probe,5,31,75.18428432973049,73.86528496390166,75.31417250474911,74.59324668786546,75.61301046423502,0.3857762165800104
319394,split_probe,5,31,74.93759879271038,71.52302396062264,75.32148958143587,73.44681664047174,75.36363869783747,0.3857762165800104
403582,slsqp,6,51,74.85402510492602,74.43611230778556,74.53979210175794,74.48797024376005,75.30022127877989,0.3649368162518847
403584,slsqp,6,51,74.782752628525,74.4211556424139,74.41446651229846,74.41781115251369,75.22817269599572,0.3649368162518847
403585,slsqp,6,51,74.76592767945749,74.3597349868809,74.44085401876616,74.40030555838602,75.211164535245,0.3649368162518847
403639,slsqp,6,51,74.15716027847027,72.59396167015731,74.3759738479441,73.4903692901265,74.59956854174231,0.36117730479472715
403641,slsqp,6,51,74.05614482886915,72.65320488709786,74.23667112142478,73.44920530392825,74.49745310601483,0.36117730479472715
403644,slsqp,6,51,73.93804875461994,72.51420432949541,74.12349352676478,73.32326411907803,74.37811418681183,0.36113463248544947
403696,slsqp,6,51,73.64178392870744,73.13496295814102,73.4072216611266,73.27121876594668,74.07699694820327,0.36274341426012613
403700,slsqp,6,51,73.62023901033587,72.98177446467668,73.48020030635692,73.23141143346639,74.05521742105259,0.36274341426012613
403701,slsqp,6,51,73.52803167642091,73.15373103166982,73.17681557466115,73.16527421359761,73.96204887404092,0.36270101699768664
403753,slsqp,6,51,73.22491296785863,73.49314262438897,71.40849270381516,72.45831506128059,73.66234641100341,0.35605638049534616
403754,slsqp,6,51,72.67007622111291,72.63838339285411,71.86003713009737,72.25025840184323,73.10143344839751,0.35609044932300776
403812,slsqp,6,51,72.48380375604796,72.49460957109892,71.58293950768198,72.04021670368061,72.91268517364016,0.35653306509009636
403868,slsqp,6,51,71.40442244444284,71.5756606645337,69.96648126093955,70.77564446757755,71.81059140995626,0.36737377768746354
403872,slsqp,6,51,71.27640230513893,71.39402129780188,70.03734899364379,70.71893852119264,71.68117722273507,0.36737377768746354
403886,slsqp,6,51,71.24110782351774,71.34172415364702,70.05210855991184,70.69985685595387,71.64434381868284,0.3685159311760263
403925,slsqp,6,51,70.56398092824006,70.39699644819196,69.97281419074635,70.18522577686655,70.96945258404004,0.3590103510660748
403929,slsqp,6,51,70.55640724450586,70.32021047422012,70.05934936100286,70.18990110416765,70.96179642829719,0.3590103510660748
403930,slsqp,6,51,70.52328322444471,70.48657830411562,69.70889711046554,70.09881617181453,70.9283507448361,0.35897173800506693
403931,slsqp,6,51,70.52053889875837,70.2919840547015,70.01370179426048,70.15298091058584,70.92552178622626,0.3590258974237605
403932,slsqp,6,51,70.5083160010627,70.30423097207671,69.96739537727309,70.13601538601536,70.91237019507243,0.3598129221155208
403966,slsqp,6,51,70.50064109884852,70.3074038296418,69.94677923971707,70.12732334573325,70.90542302912779,0.3590103510660748
403981,slsqp,6,51,69.42355661778406,69.29146589512152,68.79885851507142,69.04560152128302,69.82475532729346,0.3509526336100927
403982,slsqp,6,51,69.33092224108847,68.41083098226159,69.35243444957489,68.88324164761028,69.73108643317524,0.3509781509411645
403985,slsqp,6,51,69.03684573900011,68.45882811133754,68.87371746443401,68.66658613819511,69.43383344313114,0.3509526336100927
404095,slsqp,6,51,68.57826370156494,67.69556708904055,68.29803292817145,67.99746725196603,68.77917796668261,0.5399741324686494
404096,slsqp,6,51,68.47580536044555,66.62224656994918,68.54714520596059,67.59154848764064,68.70773062234197,0.5081935058393361
404099,slsqp,6,51,68.46018428380263,67.10668144547313,68.41965370551182,67.76634750304301,68.6918873919547,0.508244996515009
404104,slsqp,6,51,68.3610848662767,67.11317216949996,68.28013380861655,67.69916746746419,68.58650150920154,0.5133962464036572
404119,slsqp,6,51,68.28615282780753,66.63012914528332,68.39001222343227,67.51580511938796,68.5748299508637,0.4500100403999164
404153,slsqp,6,51,68.0728171434622,68.3355022151432,65.84515621783115,67.10188320884306,68.43045007123324,0.3794989775265905
404154,slsqp,6,51,67.46769830039553,67.55353630979243,66.24142409495872,66.90069705947249,67.81872423837555,0.37951646471717027
404214,slsqp,6,51,67.45015034136625,67.69116053980525,65.34234375665349,66.52711891716926,67.7962058505157,0.38424432577081236
404235,slsqp,6,51,67.37660692225755,67.59823156659603,65.43019399495597,66.52304562010339,67.72195062625082,0.38415625463095715
404267,slsqp,6,51,66.28273215328332,66.06923810580861,65.70031466361708,65.88503460870432,66.61857330622756,0.3817732397466226
404268,slsqp,6,51,66.28273215328313,66.06923810580815,65.70031466361732,65.8850346087042,66.61857330622739,0.38177323974660926
404269,slsqp,6,51,66.16712854032433,65.98558202593159,65.5373924659845,65.76186906764978,66.50171085245844,0.3817732397466226
404270,slsqp,6,51,66.16535387560906,65.96857234591904,65.55859679796319,65.76390404878904,66.49991686291145,0.3817732397466226
404281,slsqp,6,51,66.1364423654958,65.7746239896758,65.73218281805514,65.75340682812356,66.46962908441932,0.3828232485751772
404325,slsqp,6,51,65.86872879619625,65.63199981506939,65.33931498181127,65.48582091574333,66.20912821124588,0.3728044404802945
404336,slsqp,6,51,65.84930842503697,65.52800338485405,65.42231902989789,65.47518253069319,66.18949636610981,0.3728044404802945
404338,slsqp,6,51,65.84411503991385,65.50562206665734,65.43582713675724,65.47073390229914,66.18424625376525,0.37280461356084094
404345,slsqp,6,51,65.82526518702358,65.63448931917661,65.23252915669612,65.43381789399238,66.1655662672698,0.37243352659793894
404366,slsqp,6,51,65.82418261337283,65.581834446645,65.30215427727154,65.4421437708138,66.16409695229517,0.3728044404802945
404382,slsqp,6,51,65.70299592256555,65.59084978330456,64.9958424947148,65.2940239106681,66.04691543771833,0.3675369865209477
404383,slsqp,6,51,65.64486105804357,65.39186881570834,65.14851016725981,65.27030291114161,65.98814157551638,0.36754287293273336
404386,slsqp,6,51,65.53640461143762,65.23457944357462,65.0986965168652,65.16667339743132,65.8785100661498,0.3675369865209477
404443,slsqp,6,51,65.51932046221476,65.03042061386311,65.26143362630563,65.14602951898391,65.8618273057986,0.36695589117489386
404460,slsqp,6,51,65.50660206571656,64.92965669542549,65.31477287443191,65.12249946917132,65.84937333640397,0.3665573100773204
404463,slsqp,6,51,65.49780984719318,65.00659931451042,65.23976147067984,65.12328474205101,65.83895656994576,0.3680696487412934
404498,slsqp,6,51,65.47686484133607,65.15193786555346,65.06648717335125,65.10922653786028,65.81909787577561,0.3667694194627548
404500,slsqp,6,51,65.45622927586471,65.25965639459021,64.88558250163696,65.07288824586134,65.798237603729,0.3667694194627548
404501,slsqp,6,51,65.42361656836222,65.18728643332993,64.90751478413908,65.04755102228766,65.76526976712557,0.3667694194627548
404512,slsqp,6,51,65.41468882972273,65.00888056833017,65.0838522115695,65.04637719137337,65.7553626253487,0.3676421029996636
404556,slsqp,6,51,65.41123107700768,65.0475770404841,65.04092463414788,65.04425092236292,65.75254170699331,0.3669748817446806
404558,slsqp,6,51,65.33780160914071,65.07361397757391,64.85664843315105,64.96522178090235,65.67831264464613,0.3669748817446806
404559,slsqp,6,51,65.31944439378638,65.02093561218808,64.87913114708789,64.95007207958025,65.65975553232268,0.3669748817446806
404614,slsqp,6,51,65.30906273421547,65.16390771354042,64.66242320311346,64.91364973176813,65.65055842682266,0.3656912565746949
404617,slsqp,6,51,65.30019653038647,65.2362935131543,64.5058733755964,64.87211146279614,65.64159567636398,0.3656912565746949
404624,slsqp,6,51,65.2729353256459,65.13062183061439,64.6216111412263,64.8766156890538,65.61403761656688,0.3656912565746949
404632,slsqp,6,51,65.26689497335805,65.00368109441462,64.78446078105291,64.89416350688303,65.60660505181491,0.3670034055493584
404672,slsqp,6,51,65.23854913063838,65.07190750644389,64.62782581774651,64.85024678617721,65.58005432463004,0.3649222859316271
404683,slsqp,6,51,65.21014107099867,64.95559904739044,64.72156281112593,64.83868652401847,65.55133692150275,0.3649222859316271
404687,slsqp,6,51,65.19761389489517,64.89572515297176,64.76355387078395,64.82967319485726,65.53773162921807,0.3658538460838095
404692,slsqp,6,51,65.19706306089452,65.06878071585177,64.52523206164112,64.79757632989154,65.53847271201664,0.36456991221872737
404694,slsqp,6,51,65.19505462075716,64.88782909410259,64.76748223724643,64.82768359234154,65.5353600545321,0.36564060006054455
404713,slsqp,6,51,65.19499727564073,65.02574492289064,64.58824147262325,64.80736238770533,65.53602822102525,0.3649222859316271
404759,slsqp,6,51,65.19491630076044,64.88782035531328,64.76721084227229,64.82754364755294,65.53522622896936,0.3656346640593737
404800,slsqp,6,51,65.19132660952216,64.94549071885433,64.69061300686475,64.81817714158866,65.53183188791502,0.36540275007837225
404807,slsqp,6,51,65.17654082728721,64.93648929052428,64.66836442443422,64.80256553065551,65.51688509906784,0.36540275007837225
404811,slsqp,6,51,65.16411606550284,64.87834392139108,64.71038242327259,64.79441759653562,65.50338965486009,0.366328059754781
404876,slsqp,6,51,65.16409194572682,64.8783388531977,64.71033522414662,64.7943914902045,65.50336497312166,0.3663283558458316
405006,slsqp,6,51,65.16407205036218,64.87839223239591,64.71022917396338,64.79436525812824,65.5033449220644,0.366328295548734
405071,slsqp,6,51,65.16407064829814,64.87853700631675,64.71005420995037,64.79435037074887,65.50334285798854,0.3663289353263304
405136,slsqp,6,51,65.16406100638385,64.87861218784916,64.70994552643542,64.79433373936169,65.50333352429874,0.36632852655947123
405201,slsqp,6,51,65.16402521999392,64.87863792804215,64.70983748382531,64.79429267528536,65.50329746138482,0.3663284146142261
405265,slsqp,6,51,65.14248748691271,64.94450572877093,64.57879045135658,64.76190624323293,65.48320899643929,0.3646627537992201
405286,slsqp,6,51,65.14205449054342,64.89744930492978,64.64064505480003,64.76917445585738,65.48242009384909,0.36501016197181885
405325,slsqp,6,51,65.11987873733786,64.88445870569619,64.60894874638134,64.74685026950625,65.46105342069544,0.36397092039862855
405346,slsqp,6,51,65.11978878794426,64.8344870173839,64.6698859385437,64.75223878025984,65.46061884867738,0.3643108618190168
405386,slsqp,6,51,65.11312917449087,64.90102204840856,64.57080965292965,64.73612639849131,65.45419408816237,0.3640068014451534
405407,slsqp,6,51,65.11099244750434,64.85009381746183,64.63161133120144,64.7409447390177,65.45169256343206,0.3643446527975553
405472,slsqp,6,51,65.1101668063255,64.85114385738106,64.6284822696013,64.73990878925805,65.45086763716513,0.36433505179075704
405537,slsqp,6,51,65.10999753116766,64.85174392151399,64.62737505224868,64.73965668663081,65.45070479448435,0.3643268651744964
405602,slsqp,6,51,65.10949253601882,64.85232748993309,64.62552484328198,64.7390254874569,65.4501991097478,0.3643221075328937
405667,slsqp,6,51,65.10938820620717,64.85284781839157,64.62466183183588,64.73885536150064,65.45010299330168,0.3643128588022832
405732,slsqp,6,51,65.10929975535585,64.85333006990706,64.62387994732713,64.73870666225446,65.45002239932381,0.36430413377154386
405797,slsqp,6,51,65.10928229496888,64.85390613433212,64.6231326608257,64.73862222730509,65.45001043783205,0.364298506027311
405836,slsqp,6,51,65.09725294335753,64.83210810025275,64.62369650070137,64.72798618116288,65.43807562683286,0.3640754037885424
405857,slsqp,6,51,65.0970683199272,64.7791437716846,64.68396755861683,64.73157315760515,65.4375497089777,0.36441103303319405
405922,slsqp,6,51,65.09678873762861,64.78160304860633,64.68066822360387,64.73115530947645,65.43726389219117,0.3644141887064788
405963,slsqp,6,51,65.09455080711571,64.83878384727764,64.60935626625957,64.72417171325735,65.43532934998248,0.36408996153911255
405984,slsqp,6,51,65.09362682651917,64.78554457717975,64.66958892253818,64.72759271582646,65.43405651166603,0.36442510826147373
406049,slsqp,6,51,65.09349668280663,64.7864374069924,64.66831392387526,64.7274026114405,65.43392569228982,0.36442437474054595
406114,slsqp,6,51,65.09333314549646,64.78749906244538,64.66678041956963,64.72716788412419,65.43376335027722,0.3644214306969637
406179,slsqp,6,51,65.09291885972303,64.7886844619857,64.66455023075252,64.7266471048063,65.43333801607761,0.3644278974287402
406244,slsqp,6,51,65.09275680912627,64.78924918736224,64.66358368860861,64.72644693522041,65.43318191183315,0.36442026952361123
406309,slsqp,6,51,65.09259249038398,64.7905822682752,64.66173669912774,64.72619154410934,65.43302158172102,0.364414553819564
406374,slsqp,6,51,65.09219060662244,64.79162620047907,64.65971338122651,64.72570339611987,65.43262480750687,0.3644051702255771
406439,slsqp,6,51,65.09177107488077,64.793312371028,64.656949778844,64.725166985932,65.43222685493825,0.36437930431271914
406504,slsqp,6,51,65.09152689634355,64.79470119363805,64.65486767159945,64.72482219521686,65.4319941777431,0.36436529657495975
406569,slsqp,6,51,65.09023844380535,64.7963573490246,64.6501978532678,64.72331885869716,65.43069315043866,0.3643638566922443
406634,slsqp,6,51,65.08977121759945,64.79573831695802,64.6499460859925,64.72288325222169,65.43023986162851,0.3643450364754281
406699,slsqp,6,51,65.08895946075559,64.79486687842089,64.64923831668332,64.72209355668124,65.42943583470107,0.36432864559155764
406764,slsqp,6,51,65.08856216615247,64.79471085804073,64.64862241135258,64.72170785317218,65.4290621573835,0.36430100305886637
406829,slsqp,6,51,65.08752562081072,64.7936069315908,64.64773130956861,64.72071021968033,65.42804619156455,0.3642694795656617
406894,slsqp,6,51,65.08678906598547,64.79368644678229,64.64609503164455,64.71993281132312,65.4273211936615,0.3642501129756206
406957,slsqp,6,51,65.08442457455195,64.79571112790869,64.63860995554884,64.71720821217865,65.42491713446003,0.3642637842495681
406974,slsqp,6,51,65.07449293654356,64.86918439844352,64.52187447868312,64.69576249941804,65.41478846500348,0.36435170980398135
406996,slsqp,6,51,65.06712929735889,64.85015732639596,64.53161809262429,64.69108377091321,65.40776076985975,0.3639400635236864
407017,slsqp,6,51,65.0614269432408,64.79341107742839,64.59094688238226,64.6922581852394,65.40166655703446,0.3642662754507372
407082,slsqp,6,51,65.06053730965294,64.79499472599068,64.58703510588957,64.69109848082104,65.40076651751671,0.36426698616681624
407147,slsqp,6,51,65.05967556922792,64.79656850720745,64.58318130055835,64.68996288919178,65.39989460461945,0.36426776640480446
407222,split_probe,6,51,65.02047255277326,64.86473460490714,64.39419618081881,64.62989361409632,65.36026469530455,0.3642677664047785
407263,split_probe,6,51,64.94722255518602,64.8725078350812,64.17785963784215,64.52611851222433,65.28621705754033,0.3642677664047785
407275,split_probe,6,51,64.81586693973406,64.30628412913622,64.57881613930341,64.44269420365333,65.1534310732172,0.3642677664047785
407277,split_probe,6,51,64.40800751210152,62.908990413801824,64.56589979374866,63.74282897338414,64.74113034760829,0.3642677664047785
407279,split_probe,6,51,64.2253005794208,60.47082984529412,64.5409511901499,62.53901039634312,64.55643386687399,0.3642677664047785
414460,cmaes,7,62,63.830651051182464,63.974551040671116,62.47902110795664,63.2312077200172,64.17367499398742,0.3482540375243828
479388,sqp_sensitivity_probe,7,62,63.830651051182336,63.97455104067099,62.479021107956704,63.23120772001717,64.17367499398733,0.3482540375243483
479389,sqp_sensitivity_probe,7,62,63.762671936942915,63.836838088871765,62.66814144186208,63.25518891348781,64.10406506761225,0.34913501245150996
479396,sqp_sensitivity_probe,7,62,63.73546469176056,63.773212813037844,62.75237960913477,63.264855248020474,64.07741521726423,0.3482905457808547
479409,sqp_sensitivity_probe,7,62,63.723919872421895,63.81977260122438,62.56011116304462,63.19308064813935,64.06578158889073,0.3482540375243483
479420,sqp_sensitivity_probe,7,62,63.719288928501605,63.851813227638175,62.41477835117462,63.13738436569671,64.0611002172974,0.3482540375243483
479435,sqp_sensitivity_probe,7,62,63.691655337911826,63.76907160380841,62.58415567430769,63.17939155562367,64.03185312465772,0.3495524902782231
479461,sqp_sensitivity_probe,7,62,63.65872938260199,63.7050852187396,62.651137778929225,63.18030922574393,63.99990815344963,0.3482273953681092
479553,slsqp,7,62,63.481696142300315,63.2536057537447,62.99588452910675,63.12487666702691,63.82048137196692,0.3486881536263537
479554,slsqp,7,62,63.467215270567564,63.369484363083515,62.787665993954136,63.07924599030742,63.80757599629899,0.3469736410251111
479555,slsqp,7,62,63.33893688843217,63.11946248159444,62.841820938815374,62.98079470311384,63.67616757174688,0.3486881536263537
479560,slsqp,7,62,63.31546217815754,63.064453418459244,62.85850345764306,62.96156264699733,63.65243723863709,0.3486881536263537
479611,slsqp,7,62,63.257485454869204,62.253829192500596,63.29908168372858,62.778630883177044,63.592542989208624,0.3499604997018827
479612,slsqp,7,62,63.23323260351377,62.629548388609464,63.08820474046135,62.85929489238462,63.569769894703875,0.3482354313776618
479618,slsqp,7,62,63.19738166451369,62.37603654344182,63.16618310152163,62.77235308033205,63.53178471148715,0.3499604997018827
479668,slsqp,7,62,63.15265540216612,62.85676427952214,62.570260646191876,62.713676072383926,63.40680088987369,0.4288717348903689
479669,slsqp,7,62,62.93182190845807,62.15747801981827,62.86498158208351,62.512230735672404,63.25434252776266,0.3588543238282288
479670,slsqp,7,62,62.80818780384051,62.21057933655117,62.629962578622724,62.42062317050756,63.12224492102552,0.3658948722709303
479671,slsqp,7,62,62.753845684848386,61.9855185133163,62.68326676163285,62.33536892196397,63.074070295279604,0.3592084425918104
479727,slsqp,7,62,62.66475109987539,62.460425816580056,61.94527025100927,62.20338133758918,62.91376964123048,0.42868775513750573
479728,slsqp,7,62,62.63878586929745,62.530233822957484,61.70752586804975,62.12024183271409,62.879591472389855,0.4365325266163942
479729,slsqp,7,62,62.40934495774024,62.15816763372755,61.762154455185616,61.960477429280594,62.65487450266842,0.4293879365476908
479804,slsqp,7,62,62.3443267607328,62.336034152056136,61.41294020240842,61.876208586624394,62.65399053096239,0.36524418911472556
479847,slsqp,7,62,62.28038443901665,62.38114062367378,61.06987022240569,61.72898733371557,62.60428974211453,0.3504672800047171
479851,slsqp,7,62,62.24393460476886,62.348384902401165,60.989378000082375,61.672624918901,62.56147484510005,0.3563711412656625
479903,slsqp,7,62,62.171691221494534,62.358383484244946,60.54696126448638,61.45934635647929,62.49604948426509,0.34884835770259903
479904,slsqp,7,62,62.125898083864,62.28724208295585,60.643444620986756,61.47083821536613,62.44899955054249,0.3495983325293825
479908,slsqp,7,62,62.07258544237837,62.23149857981268,60.56665013342774,61.40471693556721,62.38959907477844,0.35504630566660167
479957,slsqp,7,62,61.81732433809818,62.04137599902035,59.89445329367365,60.97736412473022,62.13822903416083,0.34844748724305596
479960,slsqp,7,62,61.72638458577646,61.92748989424878,59.98813215873093,60.96552306220152,62.046299012862605,0.34844748724305596
479961,slsqp,7,62,61.618291749420926,61.78674019731544,60.08965786527643,60.94410655090668,61.93702928628352,0.3484473254135999
480018,slsqp,7,62,61.421837657264334,61.57500220508701,59.947603896277506,60.76675122738361,61.73453284748589,0.3523083830876527
480073,slsqp,7,62,60.988043475751255,60.24835504947024,60.90683180812867,60.57848812520292,61.29311587812068,0.35517623316982067
480076,slsqp,7,62,60.96876862563027,59.938831473940674,61.00611384978167,60.474827182531016,61.27363113864313,0.35517623316982067
480078,slsqp,7,62,60.93408747164652,59.97801139654501,60.94574162378505,60.46381262026589,61.23856585923504,0.35518263586702403
480091,slsqp,7,62,60.92112017590735,60.14331452639647,60.85846595705642,60.50194691440619,61.22546383132125,0.35517623316982067
480130,slsqp,7,62,60.78478012955044,60.34117420911805,60.51841601163669,60.429860092063166,61.09196485064681,0.350897118228901
480133,slsqp,7,62,60.66273067001321,59.845579653808414,60.62395274456744,60.236023484605425,60.96858635963223,0.350897118228901
480135,slsqp,7,62,60.62990328964358,59.87765484969096,60.560841228981566,60.22021687382333,60.93539525475701,0.3509033085907013
480193,slsqp,7,62,60.5890006943247,59.88708521052553,60.49535070477927,60.19198631008526,60.89476781451433,0.3501905152642469
480195,slsqp,7,62,60.563806269717176,59.92945811413076,60.43234377021322,60.181426218620736,60.86929283558718,0.3501966534469832
480260,slsqp,7,62,60.56288539457153,59.931182079218836,60.42987453473442,60.181044863379626,60.86837345282753,0.3501852574820299
480325,slsqp,7,62,60.56198661527519,59.93287885271973,60.42744960652091,60.180672285723944,60.867476198647914,0.3501740671551197
480379,slsqp,7,62,60.52152696235128,59.840324934186896,60.41799357933504,60.12985296997508,60.82742953816449,0.34932969261627717
480391,slsqp,7,62,60.51364413316339,59.767587816951234,60.440265404526826,60.1048676715398,60.81711919860288,0.3516461401482811
480436,slsqp,7,62,60.39738495134448,59.95226053423155,60.13219927329642,60.042297310345354,60.700333269603284,0.3509148708426486
480437,slsqp,7,62,60.380162860910424,60.13455505157936,59.91425954413706,60.02450836105885,60.68445193646352,0.3494030400373134
480443,slsqp,7,62,60.37147324183164,60.068554320470994,59.970015556606015,60.01930516096859,60.67413940007348,0.3509148708426486
480465,slsqp,7,62,60.33062767944085,59.766480503219306,60.15286946816818,59.95998622830135,60.63227711021902,0.35148065827233
480470,slsqp,7,62,60.309277952225415,59.854787454071946,60.051780096180224,59.953364684111406,60.61127561785764,0.3509061956196518
480494,slsqp,7,62,60.281003405074,60.19523164780677,59.56163149435423,59.87926961562894,60.58285519977453,0.35074592218273076
480498,slsqp,7,62,60.210939177395765,59.93190802503978,59.78265513116645,59.85732809796062,60.512044192692535,0.35072992635249556
480500,slsqp,7,62,60.19835213710941,59.97934921613335,59.69348267435512,59.83658665977034,60.49882219397856,0.3512224575844146
480556,slsqp,7,62,60.139902100211664,59.96972617561747,59.56918133122911,59.76978928376523,60.441508594975794,0.3494686383571715
480616,slsqp,7,62,60.12822648912435,59.95802576960771,59.5580663404217,59.75838066915391,60.42991916519685,0.3492576158641305
480641,slsqp,7,62,60.1277459796676,59.977420129691694,59.52501011296911,59.75164330109517,60.428871783109486,0.34981320610871053
480771,slsqp,7,62,60.1276669883641,59.97779078441672,59.52422726969754,59.75143939451947,60.42880012146253,0.34980510451384705
480800,slsqp,7,62,60.122924323888306,59.577641049798295,59.936227916769816,59.757203456778285,60.42467132503356,0.3491467611263804
480801,slsqp,7,62,60.08909601746804,59.77279447677247,59.70889455908339,59.740853061494775,60.391923663365795,0.3477133589944524
480825,slsqp,7,62,60.044594061714754,59.773566585484126,59.61038900413254,59.69203355378886,60.345527402680034,0.3491078840189853
480858,slsqp,7,62,60.01600399951433,59.56830389464354,59.75933072047122,59.66389375930497,60.318374167091505,0.3473785631115904
480863,slsqp,7,62,60.00706074528071,59.481587881515956,59.80951354203346,59.64577607442621,60.30932781540132,0.3473842133871021
480871,slsqp,7,62,59.99860251561908,59.6587100904388,59.642179410768634,59.65044532323853,60.300031974965165,0.34812168949109695
480876,slsqp,7,62,59.96973549911814,59.52880963988939,59.707483232461875,59.61821337098632,60.271601835759306,0.3473785631115904
480882,slsqp,7,62,59.969292178016104,59.57018275529087,59.67145930489292,59.62084253461303,60.271418074241524,0.34711702405069306
480936,slsqp,7,62,59.95737329770887,59.55212348665729,59.66524228886058,59.60870972080554,60.25948673665813,0.3470009571158249
481001,slsqp,7,62,59.95713629251297,59.55343643434245,59.66365192849987,59.60856965480909,60.259260031357634,0.3469882151539245
481066,slsqp,7,62,59.956888809052934,59.55494442004859,59.6618615833329,59.608426973305754,60.25902177957914,0.3469764170273668
481119,slsqp,7,62,59.95011456308442,59.63581709747982,59.56786540870438,59.60185093700357,60.25147934593782,0.34766335770450374
481122,slsqp,7,62,59.949948626823456,59.639385299783534,59.5648772390286,59.60214291213271,60.251897209086685,0.3470840595109943
481124,slsqp,7,62,59.926157204807986,59.52135929717113,59.633766751367915,59.5775895347382,60.228007480687175,0.34692502605591746
481130,slsqp,7,62,59.92510444329169,59.558721598324965,59.597755108610336,59.57824155013586,60.22720640166183,0.346664714352266
481183,slsqp,7,62,59.90852386598809,59.6291595962545,59.48866440753222,59.55895342913431,60.21010188748933,0.3470044016201835
481248,slsqp,7,62,59.908106021384455,59.62984857512698,59.486977550188854,59.558455903210096,60.20968735132179,0.3469966278059633
481313,slsqp,7,62,59.907850687719126,59.631152647739825,59.48492515353306,59.55808377802075,60.20943857466846,0.3469873909751371
481378,slsqp,7,62,59.90739182733891,59.63235860342255,59.4825426209878,59.55749771970282,60.20898561102959,0.3469766149154617
481443,slsqp,7,62,59.90711164083406,59.63351595397453,59.48059163372938,59.55710287669898,60.20870999941648,0.3469690711390527
481508,slsqp,7,62,59.90697317428016,59.634806329459146,59.478774640256006,59.55684158288811,60.20857187075594,0.3469672453255782
481562,slsqp,7,62,59.90663414584345,59.62855482015604,59.48444683597914,59.556544415046375,60.20780173755717,0.3473900542229872
481563,slsqp,7,62,59.900749664342406,59.44936279739092,59.648157918733,59.54884331418167,60.20247705639483,0.34677289648905424
481567,slsqp,7,62,59.871402778523304,59.50095568569754,59.54794792312813,59.524456441730415,60.1729258883648,0.34665885390785434
481632,slsqp,7,62,59.8705791949597,59.50236970583226,59.54507327840056,59.52372532167168,60.17213619022124,0.34661646186983686
481697,slsqp,7,62,59.869930458285594,59.504535631082575,59.541812389073876,59.52317692817835,60.17152470844497,0.34657262009836143
481735,split_probe,7,62,59.86990634380124,59.50430306335111,59.54198655459753,59.52314779110312,60.17149926654683,0.34657367345236967
481746,split_probe,7,62,59.841179897384535,59.92293881456238,58.69958916129441,59.314417993766654,60.1450045464939,0.344056546313746
481848,split_probe,7,62,59.67895977627692,59.07727846924049,59.53290552956934,59.30552955722095,59.97847449205242,0.3465726200983738
481850,split_probe,7,62,59.35656634546399,57.88126043458606,59.50644699962174,58.699478464527985,59.65257042695017,0.3465726200983738
481852,split_probe,7,62,59.17845042798191,55.900345106532455,59.45471128765965,57.704901340043854,59.472514954292265,0.3465726200983738
555178,slsqp,8,75,58.767182417706465,58.32278702413226,58.51583269029945,58.41938959669729,59.06052336841211,0.34285822777579483
555180,slsqp,8,75,58.44894216754132,57.82910792279976,58.31867059174713,58.07440513141539,58.73873881736191,0.34293626972254676
555238,slsqp,8,75,58.375993862752594,58.18879035769627,57.85474841410331,58.02200977797613,58.66880954726919,0.3391639578517558
555295,slsqp,8,75,58.21603066293027,58.375991387865746,56.76870153947743,57.577955178151484,58.517407947213556,0.3289714620468513
555370,slsqp,8,75,58.18332014122812,58.333235531722444,56.78803192170304,57.565818578127455,58.483820684513454,0.3294864014941543
555371,slsqp,8,75,58.054690575029966,58.170084664470124,56.804522477255205,57.49135814946718,58.35008447169369,0.3331524433957787
555474,slsqp,8,75,57.7387184708576,57.80554454193063,56.586246376411694,57.199144481194345,58.01144620413294,0.3521707998339879
555539,slsqp,8,75,57.738653271448385,57.80564361132308,56.585661949272875,57.19890545961822,58.011403492239246,0.3521478522264922
555661,slsqp,8,75,57.70015176186112,57.75433464262023,56.2024923577169,56.98369642814947,57.90001901009266,0.4238309926137402
555670,slsqp,8,75,57.595186998913526,57.540843364625225,56.26649580111479,56.9072368194468,57.7334882358048,0.4836031366505906
555688,slsqp,8,75,57.45285111593383,57.357577056783065,56.273845746050256,56.81829529682788,57.58972086735741,0.4834859619222264
555744,slsqp,8,75,57.449854156170524,57.41360925865185,56.33524510552036,56.876982906990634,57.64748201344783,0.42335005837209205
555747,slsqp,8,75,57.3434657346987,57.28255315776169,56.28568627737585,56.78630722272302,57.53506179804914,0.4281708632219431
555778,slsqp,8,75,57.200226395495164,56.76456148532029,56.78739276405456,56.77597827232792,57.39430006712436,0.42417697143487176
555791,slsqp,8,75,57.18490762741116,56.797454460280576,56.72067944393039,56.75907993329681,57.377959132830455,0.4250231133161653
555804,slsqp,8,75,57.09221369784046,56.78447288649151,56.67124005589112,56.727884723780804,57.347380410794415,0.3625785121911831
555840,slsqp,8,75,57.0369683250937,56.58552727076588,56.63062975517936,56.608083004897786,57.22478611487269,0.4286068512279905
555841,slsqp,8,75,57.01972923292733,56.624879440586035,56.55480044835717,56.58985079240978,57.20675358211186,0.42920604561747805
555902,slsqp,8,75,56.96594567323532,56.71828491046257,56.32202050459246,56.52049998409488,57.157551947258035,0.4240941214178169
555920,slsqp,8,75,56.928749762153316,56.54395635446872,56.591336218080414,56.56765124682075,57.1839434479317,0.36079099855918667
555952,slsqp,8,75,56.79470664583881,56.46736472813739,56.43212728892408,56.449748758049516,57.064618534740845,0.34478742904501597
555964,slsqp,8,75,56.79273461905243,56.44367355441013,56.44857551726286,56.44612458904927,57.06078592132298,0.34660673081533655
555965,slsqp,8,75,56.77066518235024,56.47745510761917,56.36992974976476,56.42371804226726,57.03973638103962,0.34536008902629173
555983,slsqp,8,75,56.75294861862251,56.46681948279945,56.34718064754171,56.40703178429866,57.02325055357949,0.3439517676428172
556015,slsqp,8,75,56.75134288597552,56.309622679008974,56.497706351177236,56.40374291302047,57.0228436388163,0.34274856647855684
556016,slsqp,8,75,56.71518722006748,56.316923358385395,56.42392427012947,56.370449202554525,56.9858733789517,0.3431649172836306
556042,slsqp,8,75,56.70697076535665,56.45157986016499,56.26924158718363,56.36048446165727,56.97882314365359,0.3419227528292971
556107,slsqp,8,75,56.70679143097896,56.4527869052298,56.2674754507413,56.36020734067193,56.97869442002714,0.3418707554688635
556139,slsqp,8,75,56.69597443053178,56.32386645097844,56.387234106200886,56.35555918512014,56.96978908638993,0.33986316052243776
556140,slsqp,8,75,56.67022482000979,56.34645784054796,56.31315200231289,56.32980738300214,56.94335303890164,0.3402648287339986
556205,slsqp,8,75,56.67021030168007,56.34672884863044,56.312847798245905,56.32979087077055,56.943341721267466,0.3402615061250473
556270,slsqp,8,75,56.670140245940324,56.34687789223092,56.312551206401956,56.329717164102746,56.943271439138314,0.3402609754362797
556335,slsqp,8,75,56.6698870322726,56.346926389769486,56.3119908801575,56.329461343337215,56.94301869750826,0.34025778086911096
556419,slsqp,8,75,56.65873589383467,56.31185314609978,56.32666156238112,56.3192578409505,56.9325648540564,0.33944787721929937
556471,slsqp,8,75,56.65872570200585,56.15357452046113,56.45223039748522,56.303100484235046,56.928552722071224,0.34340659874285695
556478,slsqp,8,75,56.629808194131755,56.33559741899871,56.240404898973665,56.288021282311895,56.90221825977949,0.3405398786801303
556543,slsqp,8,75,56.62946602391076,56.33655086209769,56.238660960145744,56.28762719118626,56.90189230277679,0.34052015425730764
556608,slsqp,8,75,56.629009927289914,56.337368586612016,56.236800455748444,56.28710698180999,56.9014403417808,0.34051115011456673
556673,slsqp,8,75,56.62886820927106,56.3383616251741,56.235402465778186,56.2869055868989,56.90130441661905,0.34050389307341933
556738,slsqp,8,75,56.628676186267235,56.33932845480409,56.23393951575569,56.28665865105144,56.90112517762513,0.34048917830341885
556803,slsqp,8,75,56.628497537271336,56.340007224543534,56.23281351667641,56.286435888511015,56.900953331286274,0.3404805245198955
556868,slsqp,8,75,56.62828448348113,56.34143739183898,56.23079869099272,56.28614522600326,56.90076382912887,0.3404549315723548
556933,slsqp,8,75,56.628055208350595,56.342777620409414,56.22883649530388,56.28583588967355,56.90055422357399,0.34043300412842387
556998,slsqp,8,75,56.62795569661392,56.343689780424235,56.22761517844989,56.285682401160116,56.90046727577897,0.34041950358626694
557063,slsqp,8,75,56.62777613135461,56.34510751727165,56.22564570116729,56.285408302890076,56.900301082894025,0.3404043409843328
557128,slsqp,8,75,56.62767260550405,56.3466707844038,56.22369600188942,56.285216978345474,56.90022603797962,0.34037505166535825
557193,slsqp,8,75,56.62717951843838,56.34639317591893,56.22291697320073,56.284688934516936,56.899709436295765,0.3403930014570292
557258,slsqp,8,75,56.62672922189274,56.346164815116396,56.222174149981356,56.28420362554263,56.89923655257567,0.3404104947342792
557323,slsqp,8,75,56.6262692136773,56.34593447680158,56.221412256527586,56.28370780333527,56.89875370665654,0.34042813122809246
557388,slsqp,8,75,56.62582604384359,56.34572744329068,56.22065998236671,56.28322845202863,56.89828806461135,0.34044558754960913
557526,split_probe,8,75,56.4394830882114,55.970240772110536,56.211164990608445,56.09083223526563,56.709703036758555,0.34065622433836684
557528,split_probe,8,75,56.10504710693248,54.937870426513186,56.18306653846114,55.563956719556536,56.37098409685412,0.34129050701228975
557530,split_probe,8,75,55.89824974777935,53.32614731628449,56.1281586591991,54.745082802340804,56.16064220567482,0.34256923896193414
611103,slsqp,9,85,55.47442845133812,55.4846989391008,54.42745721272311,54.95862041120328,55.70719675156343,0.367308888183141
611104,slsqp,9,85,55.35641917709755,55.01184756036583,54.97314334048519,54.99249885547327,55.59154129986566,0.36370922664061195
611107,slsqp,9,85,55.22320718088507,55.102732292814686,54.51205646513207,54.808190109651264,55.453919023407856,0.366637041539708
611172,slsqp,9,85,55.222198482174605,55.10192066155719,54.51091756905161,54.80721574214696,55.45298805295968,0.3665492848760352
611237,slsqp,9,85,55.22089353394079,55.10046966721844,54.50999731212287,54.80602870358197,55.45170289076161,0.3665156550900574
611296,slsqp,9,85,55.10291846934056,54.938736530770264,54.4763462998127,54.708029930598435,55.33401014598156,0.3649655505759457
611350,slsqp,9,85,55.05686658066676,54.464900305038924,54.87626637854336,54.670970253356025,55.29031532424956,0.3621378035909484
611353,slsqp,9,85,55.034050928095205,54.614917468821915,54.724647448027405,54.66980998886461,55.26684946840684,0.3625352329725807
611356,slsqp,9,85,54.94214049263429,54.5863229943965,54.56972751283802,54.57802588438854,55.17238115342787,0.36407550104810915
611407,slsqp,9,85,54.89729376826749,54.53625270485499,54.521248902590635,54.52875131976728,55.12256283366629,0.36851045415970773
611411,slsqp,9,85,54.76899774772613,54.09239233542341,54.62785837248448,54.360784665664994,54.99338549457791,0.36800027611444414
611417,slsqp,9,85,54.765673692189814,54.108520622238444,54.61476669078951,54.362232959181206,54.9905953781295,0.36743628192896416
611421,slsqp,9,85,54.76313102954873,54.104059794463744,54.617150725608,54.361210617620955,54.99053877080546,0.3649496168385693
611486,slsqp,9,85,54.76312916918175,54.10417935314922,54.61708262157488,54.3612359019259,54.99053738487073,0.3649491274770452
611551,slsqp,9,85,54.76304956061712,54.104614227888526,54.61672846981509,54.36127440326499,54.99046315981004,0.36494294442173414
611616,slsqp,9,85,54.76246361660272,54.1060869519857,54.61505738207035,54.36116784112844,54.98990641849689,0.3649077445103999
611746,slsqp,9,85,54.76216158701153,54.10622871359238,54.61454185491992,54.360979422883695,54.989622508360185,0.36488656677967074
611876,slsqp,9,85,54.76190202141339,54.10697425089794,54.61376643522746,54.360960931669105,54.9893877591036,0.36485922172222374
611985,slsqp,9,85,54.67681346808924,53.885029346158234,54.60143550841515,54.24441513748653,54.90710132009351,0.36117071897282305
611991,slsqp,9,85,54.67576789185328,54.336191910186926,54.288629735098105,54.3124160290041,54.90416572970488,0.3630291109845694
611993,slsqp,9,85,54.65247099612717,53.88845917333502,54.56459129895595,54.22757903363516,54.88243115651149,0.3612326639161699
612000,slsqp,9,85,54.63131435194679,53.9866275837915,54.48556105754541,54.23666804674908,54.86271349654071,0.35958128133352674
612003,slsqp,9,85,54.61815136599381,53.934513575623726,54.50237767488428,54.21918907017544,54.85533930830299,0.3537130489598603
612043,slsqp,9,85,54.581039726094076,54.155995535939816,54.284835023683506,54.2204535486253,54.813271755283445,0.35821581095357746
612057,slsqp,9,85,54.57193726531394,54.013226083251396,54.38148123037407,54.19766642914599,54.80728968358396,0.3550309830755178
612059,slsqp,9,85,54.55761026399356,53.94487560768647,54.39921996364034,54.17252411038871,54.791923616831475,0.35590452543929824
612072,slsqp,9,85,54.527429890233705,54.14140611069559,54.19816076956911,54.169790872991776,54.76012698874342,0.3571782669092452
612133,slsqp,9,85,54.52309169498812,54.15120673971646,54.180915780850704,54.16606329713813,54.756020708208275,0.35690211939906824
612198,slsqp,9,85,54.52306341606147,54.152320039469956,54.17980696318898,54.16606524488188,54.75600429617425,0.3568900757162357
612263,slsqp,9,85,54.522725113848196,54.153529902548904,54.178007169903644,54.165769918872144,54.75568313620445,0.35686947394179114
612328,slsqp,9,85,54.52233963757013,54.1555293823772,54.17539768142321,54.16546444288038,54.75534477380687,0.35681871522603686
612368,slsqp,9,85,54.51115920156497,54.05234772120826,54.24874238406616,54.15063408874906,54.74586360772143,0.35501731431032446
612372,slsqp,9,85,54.50308931350439,54.0362220043105,54.251002048508646,54.14371852655865,54.7399618938896,0.3527855668980531
612374,slsqp,9,85,54.48986912555803,53.97671171151848,54.270716871547314,54.12391392416123,54.72573373164394,0.3536402756213761
612439,slsqp,9,85,54.48979235813578,53.97708446579383,54.27033098219224,54.123906327722395,54.725662211023796,0.3536342584000931
612504,slsqp,9,85,54.489697920456834,53.9774872716905,54.269887489801356,54.123884839880105,54.725569465091986,0.35363156759499687
612569,slsqp,9,85,54.48955794227389,53.977830072991914,54.2694059666363,54.12381436743151,54.725429249761895,0.3536302943444569
612634,slsqp,9,85,54.489419383803124,53.97817123246247,54.26892770290401,54.123744713499185,54.72529046095629,0.35362902964811915
612699,slsqp,9,85,54.48928220142319,53.978510781729845,54.268452607416556,54.12367584808307,54.72515305479736,0.3536277732897818
612764,slsqp,9,85,54.48914642199787,53.978848702104244,54.26798074496816,54.12360779429295,54.725017058315004,0.35362652539450523
612829,slsqp,9,85,54.489011933449426,53.97918507490816,54.26751187179125,54.123540470419115,54.72488235876876,0.35362528541056953
612894,slsqp,9,85,54.48889510267413,53.9795357590288,54.267063033538534,54.12349033019911,54.72476568027055,0.35362387627424247
612955,slsqp,9,85,54.4760285766523,54.086765298793594,54.172732032589906,54.12976573181143,54.72026939259899,0.34520520397248405
612966,slsqp,9,85,54.44637852380048,53.99653776876043,54.18397607488982,54.09033811272307,54.6844214553776,0.3510169348352868
613027,slsqp,9,85,54.443122798011586,54.0287113685938,54.15221852669694,54.0905001988055,54.68171452166055,0.35043898370915877
613090,slsqp,9,85,54.44207935405972,54.03648781787645,54.14370483764637,54.09012289336049,54.68078959303844,0.3503105050604958
613152,slsqp,9,85,54.43878974723222,54.05046017277087,54.125296974980216,54.08789151703962,54.67768098739013,0.35009601802227275
613277,slsqp,9,85,54.42981231496062,54.07951450441757,54.08076193941582,54.08013822551343,54.669032545792184,0.34967386644984383
613339,slsqp,9,85,54.429060611764356,54.08238505880466,54.07647313238962,54.079429176383115,54.668320613458775,0.3496264266612803
613404,slsqp,9,85,54.42902332138981,54.08326305182542,54.07553713776946,54.07940023276528,54.668294938527566,0.3496145346479222
613466,slsqp,9,85,54.42813839157498,54.086243410745695,54.07086649563817,54.07855549973372,54.66746661393707,0.3495490067220185
613531,slsqp,9,85,54.4280813628391,54.08666303906199,54.07033873240869,54.07850150169867,54.66741637877822,0.34954167201252523
613596,slsqp,9,85,54.42806155060119,54.08700478999213,54.06995990943332,54.078483021255124,54.6674011804079,0.34953689442829394
613661,slsqp,9,85,54.427986278228396,54.08816949020169,54.068662695142045,54.078416972216516,54.66734744819694,0.34951477546378745
613726,slsqp,9,85,54.42796947452188,54.08886952227601,54.06793334142585,54.07840244501804,54.66734113721104,0.34950421476131677
613791,slsqp,9,85,54.42792863174654,54.08929228660901,54.06743971275101,54.07836710348319,54.66731109115388,0.34949309438741477
613856,slsqp,9,85,54.427770151566854,54.091193086743246,54.065266633501516,54.07823141384596,54.66720212086962,0.34944241066552734
613984,slsqp,9,85,54.42253842294102,54.08248955346249,54.06455805642256,54.073524548232776,54.662393209798594,0.34896779158409735
614013,slsqp,9,85,54.38034367115034,54.029636341930086,54.05757078211852,54.04360536689315,54.632214760203,0.3366264075281457
614075,slsqp,9,85,54.36447453891868,54.035327974420376,54.01447063150093,54.02490030950753,54.61325598673789,0.33951182510396893
614136,slsqp,9,85,54.3434188678161,54.148579908091584,53.83476612995719,53.99190101455108,54.59404167198178,0.3374634924124624
614167,slsqp,9,85,54.33542699791552,54.03553857724259,53.94678912450235,53.991182086412024,54.58024989675553,0.34311483291734896
614307,split_probe,9,85,54.21126293698079,53.793522210874656,53.93639407583767,53.86500551265135,54.45452225846968,0.34332407380771696
614309,split_probe,9,85,53.9602090405659,53.17421266061534,53.90564909759444,53.541179930541915,54.20009780513594,0.34395397387212634
614311,split_probe,9,85,53.75019574610211,52.43117041494144,53.845645669193296,53.14311426992656,53.986514673809005,0.3452230960626161
689172,slsqp,10,107,53.733426569421816,53.45714196716886,53.335834592872835,53.39652272862128,53.98012989620618,0.33476992024506236
689177,slsqp,10,107,53.716253597239934,53.3868837567155,53.36846024827944,53.37767279736554,53.958967362674436,0.33853151906293905
689217,slsqp,10,107,53.6936770490395,53.44406294385931,53.256159197233565,53.35019379715636,53.9363131980363,0.3383651051380571
689231,slsqp,10,107,53.66661630213609,53.459287903976715,53.18261459085032,53.321130698435105,53.912955172074405,0.33441077184906154
689236,slsqp,10,107,53.658271848866164,53.413310526537224,53.21531539209244,53.31440487187381,53.90070769986172,0.33818186118273974
689260,slsqp,10,107,53.54690924857496,53.36006369284444,52.991838982202836,53.1762700648519,53.77513537619619,0.3510389211433518
689264,slsqp,10,107,53.28263960341785,52.759298811248684,53.07426363370294,52.917015558865515,53.50784253126299,0.3511828459204603
689265,slsqp,10,107,53.23832884940148,52.720851274041536,53.025221472482,52.87325539091278,53.46265683730213,0.3515710461657898
689323,slsqp,10,107,53.18798784871511,52.633400072569565,52.99690148330846,52.8154635027975,53.41002865504402,0.353291317652602
689324,slsqp,10,107,53.14978088641714,52.611578304864125,52.947212191672,52.77966204229992,53.37100122848911,0.35369137898563296
689389,slsqp,10,107,53.14950223393616,52.61127417890586,52.946927692412984,52.77936776238238,53.370705764324974,0.35370500793271964
689448,slsqp,10,107,53.06800828084214,52.4622624641208,52.90500884846172,52.684100752077526,53.286595606369275,0.35541517928264027
689500,slsqp,10,107,53.04401890193477,52.58326494354294,52.78729151174414,52.68537699053071,53.26525721254432,0.35253433730348116
689509,slsqp,10,107,53.01408284205485,52.33541350061414,52.89345916688485,52.61517618006795,53.233617429767286,0.3538972368779796
689527,slsqp,10,107,52.99795329405492,52.59279940646769,52.69664820756463,52.64474941397657,53.21961699653284,0.35161730963041304
689562,slsqp,10,107,52.98391285876871,52.559227282636634,52.696968242892225,52.62814282558452,53.204046725313574,0.3529794228073234
689563,slsqp,10,107,52.97405335339548,52.596921783412185,52.64374850907611,52.62034035511948,53.19366471591068,0.35339009196868126
689567,slsqp,10,107,52.927881258386805,52.426383932750454,52.69862993735748,52.562683196059844,53.146049883697316,0.3543199228290092
689632,slsqp,10,107,52.927825105734996,52.426872023917255,52.69818240334377,52.56270226514371,53.14599404474088,0.3543190076371211
689694,slsqp,10,107,52.92498479296371,52.42931658403228,52.691496632761385,52.56057008285292,53.14311941033453,0.354322363748295
689759,slsqp,10,107,52.92443832775846,52.430084358943155,52.69000139550681,52.5602035429107,53.14257431713641,0.3543151200044189
689824,slsqp,10,107,52.924162885977175,52.43104763036333,52.68883684014626,52.56010028141585,53.142307108042544,0.3543040089441699
689889,slsqp,10,107,52.92403221327957,52.43166729715775,52.68813774521562,52.56005895458383,53.1421650748268,0.3543138394823801
689954,slsqp,10,107,52.923749696136795,52.432056012706255,52.687403424766515,52.5598847856598,53.141904056771594,0.3542895287117708
690009,slsqp,10,107,52.85948594062494,52.479050879998205,52.53010468615486,52.50458398846632,53.07671028297997,0.3545172805204192
690061,slsqp,10,107,52.850251522181395,52.48653846364753,52.51098317426771,52.4987622417147,53.07052544929419,0.3514010728157888
690070,slsqp,10,107,52.801066605339294,52.22916577765161,52.62169032477678,52.425795418220034,53.01948106705402,0.3527106888018511
690135,slsqp,10,107,52.800440760255476,52.23020610396216,52.62001793360578,52.42547432782731,53.01884540507052,0.3527136583590354
690200,slsqp,10,107,52.80019985859638,52.23108897273534,52.619090190439174,52.425448532880324,53.01861277698513,0.35270287891865526
690265,slsqp,10,107,52.799960787358906,52.231816427572035,52.61824938592051,52.4253889626129,53.01837441704297,0.35269960001319633
690330,slsqp,10,107,52.7996911360584,52.2326837421318,52.61726111449021,52.42532507336509,53.01809994815486,0.352701461025537
690395,slsqp,10,107,52.799135453193436,52.2339013377836,52.615621748115956,52.42510896939617,53.017560293243406,0.3526796199164555
690445,slsqp,10,107,52.79202854315237,52.130454065578654,52.658992327028166,52.39538965396391,53.006997102542876,0.3560221140250677
690458,slsqp,10,107,52.77823134283708,52.281318839674014,52.545277453020034,52.413464311331815,52.99457882585712,0.35450942088292003
690461,slsqp,10,107,52.74656654258167,52.20073409833446,52.55530479218958,52.37831947573807,52.96734008445238,0.3497899466692159
690472,slsqp,10,107,52.72762526222946,52.11065413221707,52.571352480992026,52.341510179628266,52.94282571178342,0.3550989704870189
690504,slsqp,10,107,52.72190441929226,52.29239477109381,52.44633370150292,52.369420798903825,52.94322621694824,0.34898193662135885
690513,slsqp,10,107,52.69675517052301,52.048634418075764,52.56518883948953,52.30754927597782,52.916452853210686,0.350317649268732
690531,slsqp,10,107,52.67213803310279,52.287582644553204,52.35891794310941,52.32326245076966,52.89378711713291,0.34812209291630597
690596,slsqp,10,107,52.67206046438173,52.290314419391166,52.356407349029446,52.323371319976566,52.89378936117782,0.3480423043231558
690661,slsqp,10,107,52.671912231903164,52.292837602665294,52.35391552492071,52.323385475947845,52.893708227285835,0.347974331763362
690726,slsqp,10,107,52.67185107014033,52.295147012613,52.351761252969645,52.32346178990234,52.893706746448075,0.3479146348867169
690791,slsqp,10,107,52.67180031733095,52.29743669465584,52.349632610399894,52.32354116110348,52.89371502412714,0.3478556935653192
690856,slsqp,10,107,52.67175964956056,52.29970699884942,52.34752902068003,52.323623473228785,52.893732750672385,0.3477974901998144
690888,slsqp,10,107,52.65858286005928,52.075851475477755,52.48704956116193,52.28185478027672,52.876238978913044,0.35192602977929205
690901,slsqp,10,107,52.65554645691978,52.23561691079327,52.36938837648655,52.30254541118642,52.874760241699185,0.3503524349158944
690904,slsqp,10,107,52.62556779170891,52.162718139912414,52.38238840462064,52.27266866497483,52.84909110473213,0.3457663990673376
690915,slsqp,10,107,52.59206783421732,52.04361292158115,52.40037785494165,52.222300051185165,52.809907088389835,0.35102836821099526
690980,slsqp,10,107,52.59046025409897,52.04195424966027,52.39881576335976,52.22068984380737,52.80829009909755,0.35102035919762087
691045,slsqp,10,107,52.58878480776435,52.038861363498185,52.398057502854066,52.218768283452384,52.806595133312506,0.351021620498958
691085,split_probe,10,107,52.4124738681858,52.37524725525125,51.580589231079564,51.97943684994127,52.63703601312211,0.34244331250527793
691189,split_probe,10,107,52.40400936241244,51.561853428864325,52.3575725822212,51.961236204127445,52.61890262057798,0.35191686661081095
691191,split_probe,10,107,52.32641123302373,51.42787666588834,52.29848085056766,51.86500553185652,52.5391148770247,0.35324700825453986
739166,slsqp,11,109,52.278057874463194,51.89176797031582,51.96674039844347,51.9292677144802,52.49558806222851,0.3479515942155057
739178,slsqp,11,109,52.27101392313882,51.61696580975653,52.142698796905634,51.880498249488696,52.48646105787695,0.34993633127222984
739211,slsqp,11,109,52.136670752053114,51.86020225823357,51.71097807690594,51.78564391766863,52.352916603649156,0.3476990753153792
739217,slsqp,11,109,52.05736761145064,51.67280197000486,51.74406848206985,51.70844750380963,52.27228483981742,0.34815913424849104
739235,slsqp,11,109,52.05314202316305,51.597661022232,51.798333093092936,51.69809442420565,52.267136479456056,0.3490264482523706
739335,slsqp,11,109,52.01380412150846,51.35427905693354,51.88882099328462,51.62224191920832,52.22695887527431,0.3494333581573848
739339,slsqp,11,109,52.00037170330012,51.53803380385228,51.74231493680891,51.64027538359443,52.208915171708014,0.3538502769785962
739343,slsqp,11,109,51.99814232886856,51.40121850917221,51.83761897352944,51.61987991594172,52.21053927338026,0.3500142956765789
739347,slsqp,11,109,51.96572993147794,51.37930977706254,51.80130171350454,51.59073721309322,52.179260255839054,0.3485439786628941
739393,slsqp,11,109,51.90895806652263,51.485022915316854,51.631983882006445,51.55855576033175,52.123268822878956,0.34716040769058504
739400,slsqp,11,109,51.89172171227568,51.37785022866612,51.68121294202854,51.52975482805321,52.104786232673604,0.34820754943117593
739405,slsqp,11,109,51.84901495787482,51.461049002246284,51.54238498609823,51.50173305077587,52.06355607266592,0.3462868242983819
739535,slsqp,11,109,51.84861720784608,51.46384643458452,51.5391889289721,51.50153145926235,52.06320955554652,0.3462318587112067
739600,slsqp,11,109,51.84841202648558,51.465064480732565,51.5377206150624,51.50140536044715,52.06302164912486,0.34621255964684855
739665,slsqp,11,109,51.84828166537945,51.46599555776588,51.53663784571969,51.501328813890055,52.0629004004142,0.3462021411618841
739730,slsqp,11,109,51.848188625050305,51.466839263513705,51.535706218767324,51.50128425215943,52.0628177013894,0.346190909024725
739795,slsqp,11,109,51.848008058364,51.46803003929733,51.53430116682077,51.501176262676736,52.06265520586623,0.3461710874619632
739860,slsqp,11,109,51.84768713033707,51.46941057533457,51.53248697203649,51.500958430380074,52.06237217727185,0.34613013924912883
739919,slsqp,11,109,51.82273809465625,51.25545829664036,51.64995915704936,51.45308681762206,52.03683532235008,0.346442875825798
739979,slsqp,11,109,51.81227939765044,51.34893318999487,51.570179464448444,51.459675230931914,52.02746309355109,0.3452554500940114
740044,slsqp,11,109,51.81196974803046,51.35212115685159,51.567258692280056,51.4598023526349,52.027188229266976,0.345217703923693
740109,slsqp,11,109,51.8119409306155,51.354839978621435,51.56518027383677,51.4601175955861,52.02719793127813,0.34517928900751704
740169,slsqp,11,109,51.8026457199459,51.42834261263803,51.48803035977754,51.45819514038679,52.01908042339077,0.34391414453742764
740234,slsqp,11,109,51.802583216113575,51.43003017018647,51.4863473428395,51.45819646088369,52.01902225491986,0.34390918258601194
740299,slsqp,11,109,51.802529402298724,51.431506922215995,51.484872840232185,51.45819679927013,52.0189733332397,0.34390376346761614
740489,slsqp,11,109,51.79416314352299,51.48070250597171,51.4184547626112,51.44958804831704,52.01042720670852,0.3439915724608266
740614,slsqp,11,109,51.78366672692308,51.51608037702676,51.35493581194534,51.43557120155907,51.99961643673224,0.3441894723656581
740629,slsqp,11,109,51.774479869020375,51.28716468483807,51.54649327834537,51.41699247672994,51.98708938383116,0.34739472611545225
740694,slsqp,11,109,51.774437790301434,51.28769138453525,51.546048784359044,51.41703235716183,51.98705374388957,0.347387903425127
740756,slsqp,11,109,51.77019131589925,51.29576501184406,51.53273055939,51.41438430564453,51.98277558263148,0.34737350598440303
740821,slsqp,11,109,51.77004977499914,51.29661256365148,51.53186666180795,51.41437416791009,51.98264307292093,0.3473630474019925
740882,slsqp,11,109,51.76169513555243,51.306808324669404,51.508770297275326,51.40788849000627,51.97388332570363,0.3476737952911341
740946,slsqp,11,109,51.761194265069406,51.30833880412664,51.50662072175531,51.40757536109732,51.97334351744156,0.3477069182626965
740991,slsqp,11,109,51.72874389419092,51.27185838991937,51.480160179673504,51.3761148535036,51.94216197936134,0.3461021983476492
741051,slsqp,11,109,51.69087513186315,51.31213230336785,51.377581402500304,51.344867281398585,51.904629651422326,0.34536146621753966
741371,slsqp,11,109,51.651611493240296,51.14970697784964,51.43337924226156,51.2917392188946,51.86249667841473,0.34777694477294807
741436,slsqp,11,109,51.65141601625917,51.15314522575682,51.43070049878856,51.292110603305545,51.86235298762644,0.34772361074482866
741501,slsqp,11,109,51.65124219657368,51.15647070186625,51.4281168749338,51.29247361929794,51.86222901875194,0.34767242454275643
741658,split_probe,11,109,51.62889515330232,51.11794746684412,51.41681292591507,51.26759797709262,51.83943592593153,0.34787294719667355
741660,split_probe,11,109,51.61091801165935,51.12057046802002,51.38321034825742,51.252058644844055,51.820653958166574,0.3484754542097112
741665,split_probe,11,109,51.59698755452231,50.834282479796116,51.52168197584911,51.17913631967738,51.80663383587163,0.34841409479522933
741833,split_probe,11,109,51.484309614373736,51.15009046994031,51.12295716666416,51.13652561793603,51.693478659913,0.34767242454283415
741839,split_probe,11,109,51.30676953912294,50.82798144446504,51.071892865084756,50.950083113482634,51.514005299997145,0.34767242454283415
794788,slsqp,12,131,51.286896004424506,51.0748988634126,50.79060043247774,50.93294801108332,51.499937844700675,0.3417148106980319
794799,slsqp,12,131,51.28629317789935,51.04132785324423,50.83210335919768,50.9368230308022,51.49820207515497,0.3428290560319302
794800,slsqp,12,131,51.194115961428935,50.82195331711121,50.87987400372717,50.850921907089266,51.405168887639455,0.3426828748085985
794846,slsqp,12,131,51.14354794684036,50.95617570791031,50.59819415473029,50.77750040369855,51.35003667879757,0.3466531856356591
794848,slsqp,12,131,51.09206830054328,50.81833231251622,50.66419052800823,50.7413199517102,51.29751935961265,0.34712514265417455
794850,slsqp,12,131,51.07210014598469,50.82060156813986,50.61563725124524,50.71822294844952,51.276979350047846,0.3474757409483616
794858,slsqp,12,131,51.05135922868918,50.71844364866884,50.68853974018256,50.70349389901678,51.25575691268596,0.3477286531994699
794871,slsqp,12,131,51.025252221022576,50.655731501251175,50.69836189433532,50.677051180469455,51.2291690051932,0.347923148436919
794914,slsqp,12,131,51.00644674835004,50.81232666910869,50.467293580027494,50.640103983013795,51.20981099671461,0.3482671600310505
794916,slsqp,12,131,50.97675923515497,50.39261642437857,50.81012964483073,50.60180364680223,51.17949964253026,0.3485644875129787
794962,slsqp,12,131,50.90337824303108,50.571510937345465,50.53100952185662,50.551264285792186,51.101985657152156,0.3518625011394084
794974,slsqp,12,131,50.861763030434844,50.37667821232477,50.621905974227424,50.4994409482503,51.05863572557247,0.3531302552318537
794978,slsqp,12,131,50.85295497788777,50.557085227724606,50.44276313153363,50.49995653001802,51.051890783180276,0.3509944886465235
795043,slsqp,12,131,50.8521844282004,50.557218920517165,50.44101534304734,50.49915055629469,51.05114323343297,0.35096343611044883
795108,slsqp,12,131,50.85149724632304,50.55745337350855,50.43929228907052,50.49840739190089,51.05046305006497,0.3509491106748197
795151,slsqp,12,131,50.83581962438068,50.40854072607801,50.559473821058454,50.48406367951653,51.037328920429125,0.34826413769714887
795163,slsqp,12,131,50.797056369478625,50.17430526448084,50.650879287088166,50.41315543252816,50.996885080966706,0.3495090617524461
795169,slsqp,12,131,50.7945739186139,50.39525200027516,50.49271941627482,50.444009248977686,50.99478296590269,0.34910608199600185
795209,slsqp,12,131,50.75613565316654,50.30375297979295,50.49426622231358,50.39909962083601,50.953538027476725,0.35146846504206086
795216,slsqp,12,131,50.75597190788795,50.25975276165118,50.52681349204531,50.393460038591485,50.95324366985572,0.35159590656806705
795221,slsqp,12,131,50.740040981851934,50.12004123848453,50.58721229570774,50.35416855434311,50.93595496820885,0.35276744851289044
795225,slsqp,12,131,50.69473514068567,50.27481632996202,50.40787998044347,50.34139211987591,50.892326126947815,0.35062047930523677
795290,slsqp,12,131,50.69443843735582,50.275759724635904,50.406567499430395,50.34120609880118,50.89204567051123,0.3506012113389344
795345,slsqp,12,131,50.678639249299806,49.97310510732693,50.57714859453936,50.27603402229565,50.87900296559301,0.34770423235584846
795349,slsqp,12,131,50.6590447834207,50.21887902888011,50.39786578154465,50.30845200486636,50.86125322812414,0.345668304007779
795408,slsqp,12,131,50.61662586184219,50.24571915159287,50.29578712282719,50.27075937046056,50.81856265249255,0.34548009574341976
795473,slsqp,12,131,50.615481668400115,50.24528322169272,50.29393262546877,50.26961380875781,50.81738280811872,0.3455030374071495
795538,slsqp,12,131,50.614366827261,50.244874457608105,50.292108775429206,50.26849716442895,50.816232872698876,0.34552574459870905
795691,split_probe,12,131,50.57787973539098,50.18057961705717,50.28059040689943,50.230609902579324,50.77914434199366,0.3457276662704884
795693,split_probe,12,131,50.52666202573475,50.10831807053309,50.24636385138567,50.177388434152036,50.726755894778655,0.3463340761670722
795866,split_probe,12,131,50.51581726425434,50.29083008892266,50.02819380662539,50.159683843631626,50.716610175310386,0.34552574459867547
795872,split_probe,12,131,50.472011846623644,50.108194344729995,50.14436677383001,50.12628382215072,50.6723277479565,0.34552574459867547
838331,sqp_sensitivity_probe,13,136,50.464573723653814,49.571114354826555,50.44650333847858,50.010724237199476,50.66950874461501,0.34087625870354465
838489,slsqp,13,136,50.35545945061686,49.54344630865855,50.31217707419183,49.92929117303673,50.56215929901992,0.337955064450099
838493,slsqp,13,136,50.31331145332695,49.66825954277126,50.198642336721804,49.93415513683098,50.521207254475556,0.33631797682103387
838494,slsqp,13,136,50.30517059739633,49.623174396613805,50.212505775095906,49.91870978606513,50.515538550838436,0.3337847613267486
838497,slsqp,13,136,50.27646764875034,49.49318008304776,50.22273827727427,49.85929359106778,50.48294895598295,0.3373203528504431
838553,slsqp,13,136,50.27190871123093,49.7978557659848,50.051585185739754,49.92488166483316,50.47858596960659,0.337077403675712
838555,slsqp,13,136,50.22948409841071,49.92934162277185,49.86002286403362,49.89469428148353,50.43876611806685,0.3340437034798269
838620,slsqp,13,136,50.22947142459706,49.92952474082038,49.85979341170581,49.894671258072115,50.438751846122514,0.33404514787331935
838685,slsqp,13,136,50.22932498041432,49.93110785748071,49.85776288643721,49.89444884912332,50.43860814448849,0.3340408573724983
839521,slsqp,13,136,50.22676084678159,49.78652225972471,49.991361839908606,49.88904718135402,50.43887340793525,0.33121431770736687
839524,slsqp,13,136,50.179445594949414,49.64707832357012,50.002797778475994,49.82525550231463,50.38754127230528,0.33467825241742416
839583,slsqp,13,136,50.1541335014425,49.784707128633926,49.85654264744083,49.82063783533859,50.36396019595788,0.33269322021462666
839648,slsqp,13,136,50.153938425115015,49.786403619080694,49.85466385682392,49.82054542856249,50.363788073190975,0.33266841254986157
839713,slsqp,13,136,50.15392205730348,49.78797464170045,49.85322336804925,49.820609686691,50.36378984376774,0.33265029323419404
839778,slsqp,13,136,50.15336978412145,49.79102420684999,49.849417388894786,49.82022935304176,50.3632721514265,0.33261013581833193
839843,slsqp,13,136,50.153185260282996,49.792812755482075,49.847419931713134,49.820123825373265,50.363098229312115,0.33259766060754475
839908,slsqp,13,136,50.153114978704025,49.79435124505901,49.84588676124268,49.8201256668976,50.36304884083065,0.3325762354979693
839973,slsqp,13,136,50.153033040715314,49.795808458725844,49.844393752907315,49.82010702845277,50.36298356635572,0.3325588688484072
840024,slsqp,13,136,50.146012901504854,49.52282999278721,50.019665695733224,49.77186779098919,50.35205489222942,0.3363496802307552
840033,slsqp,13,136,50.09607740851233,49.60735178617036,49.89093101169585,49.749343455218856,50.3036720614918,0.33427583876149725
840093,slsqp,13,136,50.0610516459473,49.662184250213386,49.79028227695494,49.72627451217815,50.27034045638057,0.33222263369722543
840158,slsqp,13,136,50.06000866189449,49.66451445811299,49.786499394250356,49.72554433233388,50.26936202242288,0.33214754392441126
840223,slsqp,13,136,50.05912018321239,49.666836837528436,49.78298129854683,49.724942978434555,50.26853545446295,0.33207672942308347
840288,slsqp,13,136,50.058273044734214,49.66914576105378,49.77952952814653,49.72436827490329,50.267749278734954,0.3320072979983443
840353,slsqp,13,136,50.05746648238471,49.67143817093477,49.776146061213076,49.72381967767669,50.26700268546166,0.33193928662924377
840418,slsqp,13,136,50.056698667856935,49.673714053146796,49.77282841421214,49.72329592949564,50.2662938796661,0.331872642650353
840483,slsqp,13,136,50.055967879044616,49.67597341641643,49.76957423478846,49.72279585049815,50.26562117087742,0.33180731621652837
840968,split_probe,13,136,50.015363571718375,49.601083205559036,49.75786846471857,49.67953768563585,50.22438225016503,0.3319977044928583
840970,split_probe,13,136,49.95115291697467,49.498051506189725,49.72309406097786,49.61070038764955,50.1588949594488,0.332568912233826
842163,cmaes,14,159,49.84942689825982,49.53109476791806,49.50091117752432,49.51600527260672,50.0553433545868,0.3332790418596625
842509,cmaes,14,159,49.588783027294795,49.022997922770955,49.41224285707314,49.21800518866231,49.77781639763097,0.34717261113182035
844015,cmaes,14,159,49.55351875177054,49.31538816466544,49.07568421694376,49.19568218448042,49.74050110192741,0.3488216714381364
844302,cmaes,14,159,49.510942695221665,49.09732648265132,49.27323105474473,49.18535740603251,49.72586863673321,0.3207204593614485
844347,cmaes,14,159,49.389874375029756,48.83714952364588,49.22439310611574,49.03115361818626,49.58877607173341,0.3352679448679639
847401,cmaes,14,160,49.35292629861466,48.498234122581316,49.34191262760651,48.92189210751699,49.56320771065401,0.3236128074840613
847445,cmaes,14,160,49.324069479404926,48.704467984210325,49.19090959814809,48.94829306890153,49.51855181899378,0.3389308472587914
887876,sqp_sensitivity_probe,14,160,49.27700000229985,48.72789327912066,49.104574503150914,48.9165964707116,49.47175997592798,0.33814917210336176
888038,slsqp,14,160,49.142920007129206,48.40120117112115,49.066400869745245,48.73493597573448,49.33458836892139,0.3397631731984921
888046,slsqp,14,160,49.073052906888826,48.369345785952476,48.98089660103444,48.676081619221705,49.26475721663333,0.338975004995079
888106,slsqp,14,160,49.061602782110896,48.436379500160314,48.93191533326726,48.68477789445889,49.25375092415847,0.33841261305468107
888171,slsqp,14,160,49.061462154228956,48.43798790796765,48.930862495811105,48.68504892241762,49.25361580120366,0.33840565258486704
888236,slsqp,14,160,49.061327019135724,48.43958088734997,48.92982293286541,48.685318982130966,49.25348613564657,0.33839878629306314
888301,slsqp,14,160,49.061197281880794,48.441158453795076,48.92879658982817,48.685588052700275,49.25336183203055,0.33839201365722155
888366,slsqp,14,160,49.06095825543136,48.44338648245652,48.9272577443453,48.68592324414855,49.253130906349746,0.33838142536020904
888431,slsqp,14,160,49.06082853261008,48.44502939430943,48.92618902356593,48.686203617581484,49.25300671154488,0.3383745595190026
888490,split_probe,14,160,48.92396542284519,48.883259337813506,48.12208053356707,48.50416311187652,49.1222071009694,0.33090208865023374
891429,cmaes,15,163,48.85421792011657,47.38167943592692,48.952031543890584,48.17325470861917,49.04158492230335,0.3409083035428132
892402,cmaes,15,163,48.82731330666263,48.25257397123068,48.68895193084072,48.471254032533594,49.02943025816087,0.3260274243495722
892411,cmaes,15,163,48.67234795761437,47.90546316521421,48.61077773041935,48.2594089925992,48.86287442672432,0.33582376951915194
893564,cmaes,15,163,48.57726819239708,47.35864399318799,48.675222230387,48.02144531379227,48.79667826480042,0.3062271020429078
893581,cmaes,15,163,48.35794280164521,47.89448718858684,48.14319594170869,48.01900258511969,48.55194097651821,0.32900269273293214
893584,cmaes,15,163,48.341973090149686,47.85967162882322,48.115552875348,47.987782804163785,48.52097301582235,0.3436673554692477
893914,cmaes,15,163,48.14680010673554,47.59552248645095,47.97545046250948,47.78586405956765,48.32963031518848,0.3377759316423109
894213,cmaes,15,163,47.720983396145925,46.00214202088694,47.84226256081352,46.931221790230815,47.90069695063953,0.3362721210580638
931195,sqp_sensitivity_probe,15,163,47.70140912167053,46.56785669923938,47.738421864006824,47.1567715160123,47.8771986801071,0.3399429940549504
931197,sqp_sensitivity_probe,15,163,47.69442331615327,46.209083386012324,47.79242176731829,47.00741944502313,47.87429082377095,0.33583372148376234
931199,sqp_sensitivity_probe,15,163,47.64899191020898,45.98588957465809,47.76572207328689,46.88425239435483,47.82871695350408,0.3354852646771232
931203,sqp_sensitivity_probe,15,163,47.59676110077561,46.623573972676695,47.59836262712457,47.11348944181965,47.774097577571986,0.33728547197895553
931361,slsqp,15,163,47.5019827412274,46.33207828629854,47.550751396553636,46.945369509167485,47.68006374300917,0.3355280157683319
931368,slsqp,15,163,47.42361597672027,46.26395268505026,47.4709936313392,46.87135881533208,47.60167195458657,0.33470860437321936
931369,slsqp,15,163,47.41590378357213,46.40766977136239,47.430060803790276,46.921650021387066,47.59448061512263,0.3341102856751932
931419,slsqp,15,163,47.40303991054056,46.818597588234944,47.256146247474106,47.037880682975825,47.58151298903851,0.3340743516306643
931426,slsqp,15,163,47.31285921328087,46.71592948586793,47.17399333421822,46.94552009950177,47.49118041653493,0.33325316559538676
931491,slsqp,15,163,47.31276342795047,46.718165289588995,47.17264191243886,46.94595356910189,47.49108909728202,0.3332477158281069
931550,slsqp,15,163,47.28005194884191,46.86735534741766,47.02073720805818,46.94410892140986,47.4592157667552,0.3320662281504664
931567,slsqp,15,163,47.27929187986637,46.68345428920228,47.14363011669616,46.914106433736436,47.459760611065136,0.3307671839207049
931632,slsqp,15,163,47.27926047398656,46.68365681000824,47.14347442141185,46.91412896813146,47.45973009096774,0.33076596937621067
931697,slsqp,15,163,47.27907800130188,46.68525822102067,47.142328268859856,46.914349882377785,47.45954585440148,0.33076574866391867
931762,slsqp,15,163,47.27906358742384,46.68540181377241,47.14222824569345,46.914371073704274,47.459531249526115,0.33076578233773113
931827,slsqp,15,163,47.27904375507905,46.68570419133931,47.14203694581164,46.91442541074924,47.459513218384444,0.3307637869033993
931892,slsqp,15,163,47.2789945260405,46.6861765012892,47.14170936983251,46.9144958334803,47.45946636368442,0.33076090784665313
931957,slsqp,15,163,47.27899019721456,46.68643502897626,47.14156252149604,46.9145506889011,47.459462053295496,0.3307608429781865
932022,slsqp,15,163,47.278864665350085,46.68726081547922,47.14092161560965,46.91463957669096,47.459336174196196,0.33075983424500793
932087,slsqp,15,163,47.27868081284693,46.68820065321009,47.14014871071185,46.91471890943415,47.459165289554356,0.3307450256165836
932152,slsqp,15,163,47.27864885373406,46.68863668768873,47.13986452816907,46.914793101372226,47.45913494668261,0.33074308252244977
932217,slsqp,15,163,47.278647869347495,46.688977627748535,47.13967704703521,46.914868560101404,47.459134023443234,0.33074301143014356
932282,slsqp,15,163,47.27832499411475,46.690398196103814,47.13836524599057,46.91491640073094,47.458784771268085,0.3307656262327199
932347,slsqp,15,163,47.27826067044099,46.6909200532907,47.13799604289224,46.9149906019521,47.45873056527598,0.3307549246448427
932412,slsqp,15,163,47.278226744040595,46.691333292886,47.13771744961371,46.91505627742006,47.458696792775086,0.33075440694839375
932607,slsqp,15,163,47.27796566514786,46.69321699606352,47.13628432639141,46.91527370451912,47.458438474024994,0.33074886419958927
932672,slsqp,15,163,47.27794068543593,46.69358384072492,47.13603840084394,46.915332717655545,47.45841015526436,0.33075189819898015
932802,slsqp,15,163,47.2778756301004,46.69443815208265,47.1354630116175,46.91546881178016,47.45834291875173,0.3307533551052451
932932,slsqp,15,163,47.27786679509009,46.695075757612514,47.13509180367082,46.915599641002395,47.458331007646684,0.33075630289370844
933039,slsqp,15,163,47.21806191262655,46.62610162370486,47.07647283395701,46.851828390738106,47.39540300809446,0.3332015604014979
933101,slsqp,15,163,47.21475944479078,46.64557707779011,47.06072172654127,46.853609201122445,47.39224860341842,0.3330195180362112
933166,slsqp,15,163,47.21436453854149,46.64781232372076,47.05886966551561,46.85379178244307,47.39188303555399,0.3329862417591418
933231,slsqp,15,163,47.21398617728457,46.65002639184303,47.057046924293594,46.853978633595354,47.391533651238426,0.332953501254541
933296,slsqp,15,163,47.21362389410683,46.652219035219,47.05525320640267,46.854169479506936,47.39119998446205,0.3329212905990746
933361,slsqp,15,163,47.21327712719721,46.65439046836671,47.05348780334367,46.854364068004585,47.39088148057005,0.33288959666172746
933426,slsqp,15,163,47.21294538706113,46.65654057752163,47.051750296219275,46.854562128994935,47.39057765273779,0.3328584115285176
933491,slsqp,15,163,47.21262815005024,46.658669581562684,47.050040017245976,46.854763433112595,47.390287984114515,0.3328277228343201
933556,slsqp,15,163,47.21232471888724,46.660779074384244,47.04835522638253,46.85496789741922,47.39001180175464,0.33279749899844757
933621,slsqp,15,163,47.21203457762331,46.662869665324024,47.046695009442125,46.855175363637706,47.38974860100705,0.3327677232871283
933783,split_probe,15,163,47.162042020430924,46.547032187926604,47.0330687397328,46.790681554024765,47.33903931207559,0.33293821523488487
933785,split_probe,15,163,47.06595424350619,46.32835628928647,46.99257478929808,46.66164743016926,47.24138734484654,0.3334504998366387
933787,split_probe,15,163,47.06101674410291,46.47628927223663,46.91330319480847,46.69530747925665,47.2353570465653,0.33447834042106567
936274,cmaes,16,181,46.934893105436664,46.82651933092184,46.328443871142724,46.57814736639285,47.12628126361327,0.3162555218120366
936509,cmaes,16,181,46.93243837620411,46.50983404231062,46.733942142253724,46.62202275104971,47.13810972821684,0.3020997440405614
936523,cmaes,16,181,46.89416086314999,46.38711142509291,46.74166673529746,46.56472654036313,47.09272595059345,0.3087171351560642
936848,cmaes,16,181,46.52883552322958,45.86411608077634,46.441059951690484,46.15348953929398,46.711114433663944,0.3208925979397606
937105,cmaes,16,181,46.46126506624198,45.05026695241417,46.56172815041466,45.81223134075057,46.64489849182552,0.31882480553874737
937444,cmaes,16,181,46.28290827957308,45.73182152719403,46.14237543227943,45.93755713318107,46.466144064213296,0.3172969061463259
977698,sqp_sensitivity_probe,16,181,46.199837118993365,45.32775901295886,46.19360763275465,45.76273114263265,46.38219302722493,0.3172724630921862
977752,sqp_sensitivity_probe,16,181,46.1957633683257,45.74205696202427,45.99592467312479,45.86916645009392,46.379599218071775,0.3157645810997032
977861,slsqp,16,181,46.052899210658474,45.52216422273816,45.91154921889396,45.717271283404834,46.24076464807977,0.3102394692683092
977870,slsqp,16,181,46.02645192687699,45.56239770145219,45.84426055784918,45.70354641820075,46.214755846690814,0.30952082041037193
977886,slsqp,16,181,46.01940251515579,45.601408055288765,45.80063299065231,45.70112908325889,46.20556366383733,0.3115645734702322
977919,slsqp,16,181,45.97532986028075,45.328632290978994,45.89508946175844,45.61274022723035,46.16314070926312,0.30945789366246934
977920,slsqp,16,181,45.973534933652196,45.31389533770644,45.89864859602256,45.60720915391435,46.16098762150807,0.30979286175606696
977929,slsqp,16,181,45.92310500855379,45.30265030151451,45.831024038041505,45.56760301308842,46.11073022804614,0.3090789581403199
977990,slsqp,16,181,45.9065403526463,45.33218014600899,45.79161753959194,45.5624779488697,46.09429877359457,0.30876875727383946
978055,slsqp,16,181,45.90582559460391,45.33404478879523,45.789557590336145,45.562370445528856,46.09359330142992,0.30875187205925536
978120,slsqp,16,181,45.90517406588272,45.335918259996085,45.78758173935445,45.56230967595427,46.092951131662325,0.30873559566138986
978185,slsqp,16,181,45.90456920469559,45.33742928131002,45.78588090612607,45.5622068395932,46.09236617598078,0.30870938902092543
978250,slsqp,16,181,45.90398798278511,45.33894788279795,45.7842067809618,45.56212125044739,46.09180469260199,0.3086836021976822
978315,slsqp,16,181,45.903429780733795,45.34047290430002,45.78255912490801,45.56205221020703,46.091266059556105,0.308658231044198
978380,slsqp,16,181,45.902893792218194,45.34200363664929,45.780937181854064,45.561998985090554,46.0907494738828,0.30863326354783716
978445,slsqp,16,181,45.90237976816599,45.34353880334205,45.77934134163285,45.561961134722466,46.090254678348415,0.30860870509905447
978510,slsqp,16,181,45.901886203215675,45.34507905916858,45.77776906306127,45.561937707220146,46.089780190766554,0.30858451655662644
1072960,slsqp,18,208,45.88638610365931,45.56217180098813,45.57645612790742,45.56931452415006,46.06556690400768,0.3170368785536435
1072972,slsqp,18,208,45.859680326092956,45.497073437306085,45.58551033842802,45.54131335487895,46.03857031959017,0.3170368785536435
1072973,slsqp,18,208,45.85455182485791,45.23184292668349,45.750399633958274,45.491860157675774,46.03254374074956,0.31787003793144136
1072980,slsqp,18,208,45.840997146901096,45.265048888611524,45.71416755680384,45.49016248761883,46.01968924789161,0.3170313844051222
1073045,slsqp,18,208,45.840703654684354,45.265842343729894,45.713287136732916,45.49011488187736,46.01939099913225,0.31703292821603507
1073110,slsqp,18,208,45.84052406963367,45.26667646350739,45.712561445774284,45.49016526671201,46.01920957148093,0.3170328164804104
1073175,slsqp,18,208,45.840345809028285,45.2675277283076,45.71182733289697,45.49021996399711,46.01902947152632,0.3170327157952998
1073240,slsqp,18,208,45.840299012937486,45.26785939374148,45.71157591940313,45.490258666701955,46.01898220614458,0.3170326759441678
1073305,slsqp,18,208,45.840176362463936,45.2685265282524,45.71102570060243,45.49031415939127,46.01885829993548,0.31703259696367714
1073370,slsqp,18,208,45.84008114270006,45.269087222802035,45.710574846764004,45.49036662199631,46.018762110406875,0.31703253057606934
1073435,slsqp,18,208,45.840012052408156,45.26953542172237,45.71022494125879,45.490413833460856,46.01869232194773,0.3170324769829421
1073487,slsqp,18,208,45.81806876028926,45.41558873508328,45.577949210364004,45.49684139792973,45.996798872914155,0.31674679795348926
1073549,slsqp,18,208,45.81464665112259,45.420899134609755,45.56740284630612,45.49420996321368,45.99329898288403,0.3167868780477312
1073614,slsqp,18,208,45.81430745434077,45.42197207011205,45.565907588421425,45.49399675283872,45.99295546608326,0.31678749770823017
1073679,slsqp,18,208,45.81400845685443,45.42296498124737,45.564547525253985,45.49381133115115,45.99265273771093,0.3167879676081973
1073744,slsqp,18,208,45.81371553410332,45.42394973882571,45.563201817241456,45.49362905789139,45.992356154811844,0.31678843296908815
1073809,slsqp,18,208,45.81342855424249,45.42492642530343,45.56187025253548,45.49344986727819,45.99206558404449,0.31678889385113834
1073874,slsqp,18,208,45.81314737718003,45.42589516212226,45.560552569251435,45.49327368796208,45.991780883712686,0.31678935033226296
1073939,slsqp,18,208,45.81287322839791,45.426864256392825,45.55924419063554,45.49310237492437,45.9915032926174,0.3167898024378092
1074004,slsqp,18,208,45.812605455199936,45.42783052714538,45.55794661256254,45.49293508862744,45.99123215085759,0.31679025026418833
4669502,slsqp,18,208,45.812605455199936,45.42783052714538,45.55794661256254,45.49293508862744,45.99123215085759,0.31679025026418833
